age,monthly_income,credit_score,purchase_amount,bnpl_installments,app_usage_frequency,debt_to_income_ratio,employment_type_Self-Employed,employment_type_Student,employment_type_Unemployed,product_category_Electronics,product_category_Fashion,product_category_Home,product_category_Sports,location_Canada,location_Germany,location_India,location_UK,location_USA,default_probability,actual_default,custom_risk_segment
20,8546.4,319,3276.37,3,1.41,0.3833625854160816,False,False,True,False,True,False,False,False,False,False,False,True,0.5382557056488649,0,Medium Risk
34,11686.1,300,2872.76,9,8.94,0.2458270937267352,True,False,False,False,True,False,False,True,False,False,False,False,0.6374028284742087,0,High Risk
30,12822.98,326,4465.2,12,5.46,0.3482185888147684,False,False,False,True,False,False,False,False,False,True,False,False,0.6041302791750757,1,High Risk
38,54036.53,511,5000.0,3,7.69,0.0925299977626246,False,True,False,False,False,False,False,False,True,False,False,False,0.5460639621784809,1,Medium Risk
28,58883.42,529,5000.0,9,9.11,0.0849135461221512,True,False,False,False,True,False,False,True,False,False,False,False,0.6888072576875723,1,High Risk
47,51010.92,494,5000.0,6,9.7,0.0980182282538719,False,True,False,False,False,False,False,False,False,False,False,False,0.5384602523522168,0,Medium Risk
54,15895.88,306,5000.0,3,1.27,0.3145469140431357,False,False,True,False,False,True,False,False,False,False,False,False,0.5813597179684126,1,Medium Risk
48,18690.41,300,4842.53,6,3.46,0.2590916946177211,False,False,False,True,False,False,False,False,False,False,True,False,0.6606557265193456,1,High Risk
48,29390.01,470,5000.0,9,6.07,0.1701258352753197,True,False,False,False,False,True,False,False,True,False,False,False,0.6060281161110948,0,High Risk
27,12629.47,311,4223.03,3,2.78,0.3343790356998354,False,False,False,True,False,False,False,False,False,True,False,False,0.5737420314551038,0,Medium Risk
41,19497.95,391,5000.0,3,4.09,0.2564372151944178,True,False,False,False,False,True,False,False,False,False,True,False,0.5643041113047432,1,Medium Risk
31,8036.49,337,2068.97,3,9.67,0.2574469700080508,True,False,False,False,False,True,False,False,False,False,True,False,0.5634246689203145,0,Medium Risk
27,6930.72,376,893.85,12,2.26,0.1289692845764942,True,False,False,True,False,False,False,False,True,False,False,False,0.5057367882605183,0,Medium Risk
49,10300.56,353,4324.34,9,1.94,0.4198160100033397,True,False,False,False,False,False,False,False,False,False,False,True,0.5460490252475765,0,Medium Risk
34,20256.36,439,5000.0,3,3.71,0.2468360554413527,False,False,False,False,False,False,False,False,False,False,False,True,0.5925278314008338,1,Medium Risk
49,86568.95,733,100.0,3,6.64,0.0011551485838744,False,False,False,False,True,False,False,False,False,False,False,True,0.09861267133358453,0,Low Risk
55,9911.64,382,2454.52,6,2.97,0.2476401483508279,False,False,False,False,False,True,False,False,False,False,False,True,0.5397456754505624,0,Medium Risk
58,14367.47,300,1595.98,12,4.99,0.1110828837645041,True,False,False,False,False,True,False,False,False,False,False,False,0.5290408590712755,0,Medium Risk
20,31949.73,397,1867.63,3,1.34,0.0584552670711145,False,False,False,True,False,False,False,False,False,True,False,False,0.526621408857453,1,Medium Risk
29,53134.39,526,5000.0,6,6.96,0.0941010144277557,False,True,False,False,False,False,True,True,False,False,False,False,0.5853181192871965,0,Medium Risk
28,8165.38,319,4783.85,6,1.33,0.5858698554139551,False,False,False,True,False,False,False,True,False,False,False,False,0.5270545369320171,0,Medium Risk
44,9947.88,351,2688.39,9,9.3,0.2702475301270221,False,False,False,False,False,True,False,False,False,False,False,True,0.5214336368624537,0,Medium Risk
24,39095.29,479,5000.0,3,3.96,0.1278926438453327,True,False,False,False,False,True,False,False,False,False,False,True,0.5435555636636197,1,Medium Risk
58,80048.57,683,5000.0,3,4.5,0.0624620777110696,True,False,False,False,False,False,False,False,False,False,True,False,0.09014321995711923,0,Low Risk
35,5000.0,300,2485.19,3,7.93,0.497038,False,True,False,False,False,True,False,False,False,False,False,True,0.503371422859145,1,Medium Risk
26,71319.02,635,5000.0,6,7.22,0.0701075253137241,False,False,False,True,False,False,False,False,False,False,False,False,0.09394075232266828,1,Low Risk
42,102571.74,834,5000.0,12,1.75,0.0487463701015503,False,True,False,True,False,False,False,True,False,False,False,False,0.20425447962384766,0,Low Risk
29,71503.02,614,5000.0,12,5.72,0.0699271163651549,True,False,False,False,False,True,False,True,False,False,False,False,0.07102120454306048,0,Low Risk
42,15184.95,357,5000.0,6,9.22,0.3292733924049799,False,False,True,False,False,False,True,False,True,False,False,False,0.6237143509659455,1,High Risk
29,7229.06,320,2888.04,12,1.68,0.3995042232323427,True,False,False,True,False,False,False,False,True,False,False,False,0.5461248658034448,0,Medium Risk
29,6479.12,329,2200.6,9,9.14,0.3396448900467965,False,False,False,False,False,True,False,False,False,False,False,False,0.5310702475163231,0,Medium Risk
33,5000.0,362,1583.62,9,2.64,0.316724,False,False,False,False,True,False,False,False,False,False,False,False,0.4870991212145333,0,Medium Risk
34,54372.3,461,5000.0,3,5.14,0.0919585892081078,False,True,False,False,True,False,False,False,False,False,False,False,0.5515101838815594,0,Medium Risk
55,16468.6,332,4698.1,6,8.25,0.2852762226297318,True,False,False,True,False,False,False,False,True,False,False,False,0.5846752595052762,1,Medium Risk
46,14643.5,318,4246.97,12,9.38,0.2900242428381193,False,False,True,False,False,False,False,False,True,False,False,False,0.5735054275656113,0,Medium Risk
54,97535.65,779,5000.0,6,2.09,0.0512633073137873,False,False,True,False,False,False,True,False,False,False,True,False,0.13423506104775704,0,Low Risk
57,7406.97,300,2121.61,9,7.67,0.2864342639432858,False,False,False,False,False,False,False,False,False,True,False,False,0.5815745822557159,1,Medium Risk
42,41742.29,487,5000.0,9,9.56,0.1197825993734411,True,False,False,False,False,False,False,False,False,True,False,False,0.603874040770141,0,High Risk
18,9584.0,303,5000.0,6,9.25,0.5217028380634391,False,False,True,False,True,False,False,False,False,False,False,False,0.6226394186805387,1,High Risk
20,7022.17,300,1997.97,3,9.62,0.2845231602197041,False,True,False,True,False,False,False,True,False,False,False,False,0.5394198010230548,0,Medium Risk
51,73162.11,633,5000.0,12,7.95,0.0683413859988455,False,True,False,False,False,False,True,False,False,True,False,False,0.17229319296538886,0,Low Risk
41,98093.39,764,5000.0,3,5.53,0.0509718340858645,False,False,False,False,False,False,False,False,True,False,False,False,0.12671527882711633,0,Low Risk
37,11609.58,348,4607.53,6,3.35,0.3968730996297885,True,False,False,False,True,False,False,False,False,False,True,False,0.5805069167741557,0,Medium Risk
29,10601.95,354,5000.0,3,8.42,0.4716113545149712,True,False,False,False,False,False,False,False,False,True,False,False,0.5446237764220324,0,Medium Risk
24,39347.06,460,5000.0,3,3.64,0.1270742972918434,False,False,False,False,True,False,False,False,False,False,True,False,0.6116823502027356,1,High Risk
38,43472.65,448,5000.0,9,4.38,0.1150148426654459,False,False,False,False,False,True,False,False,False,False,False,True,0.6586813440154363,1,High Risk
43,66336.48,586,5000.0,3,1.19,0.0753733089244409,False,False,False,True,False,False,False,False,False,False,True,False,0.18922258356008098,0,Low Risk
28,17700.79,423,5000.0,9,8.64,0.2824732681422693,True,False,False,True,False,False,False,False,False,True,False,False,0.5329048171520675,1,Medium Risk
23,5751.61,313,2030.65,3,7.53,0.3530576655927644,False,False,True,False,False,False,False,False,False,False,False,False,0.5652168055251292,0,Medium Risk
38,8454.37,338,303.9,9,4.83,0.035945907264527,True,False,False,False,False,True,False,False,False,False,True,False,0.5640117023256167,1,Medium Risk
23,43315.74,526,2199.14,6,7.3,0.0507699972342617,False,False,False,False,False,False,False,False,False,False,True,False,0.5367049671779076,0,Medium Risk
38,12509.25,300,4257.32,6,8.12,0.3403337530227631,False,True,False,False,False,False,True,False,False,True,False,False,0.6659079638919211,1,High Risk
40,15915.37,381,5000.0,12,4.84,0.314161719143193,False,True,False,False,True,False,False,False,False,False,False,False,0.5753407793199662,0,Medium Risk
24,27612.74,469,5000.0,9,5.6,0.1810758367333339,False,True,False,False,False,False,True,False,False,False,True,False,0.4986678431625593,0,Medium Risk
48,9178.49,300,1635.03,12,2.42,0.1781371445629945,False,False,False,False,True,False,False,False,False,True,False,False,0.6434938990432099,0,High Risk
43,19231.4,446,4485.28,3,3.83,0.2332269101573468,False,False,True,False,False,False,True,False,True,False,False,False,0.5393583725000485,1,Medium Risk
45,81281.53,714,5000.0,6,9.36,0.0615145900919926,False,True,False,True,False,False,False,False,False,False,False,False,0.18629863660458634,0,Low Risk
54,21591.23,450,4249.98,6,5.71,0.1968382533093297,True,False,False,False,True,False,False,False,True,False,False,False,0.4986253854137749,0,Medium Risk
35,36162.99,452,5000.0,6,1.09,0.1382629035928721,False,False,False,True,False,False,False,True,False,False,False,False,0.5349223688328811,0,Medium Risk
53,8643.27,348,4303.45,12,8.66,0.4978960509159149,False,True,False,True,False,False,False,False,False,False,False,True,0.5165800693542891,1,Medium Risk
39,55754.19,552,5000.0,12,3.61,0.0896793586275757,True,False,False,False,True,False,False,False,False,False,True,False,0.1531346389188935,0,Low Risk
27,6251.83,303,1795.37,6,3.55,0.287175115126291,False,False,True,False,False,False,True,False,True,False,False,False,0.555128099500917,0,Medium Risk
20,50235.75,522,5000.0,12,5.39,0.0995307126896682,False,False,True,False,True,False,False,False,False,True,False,False,0.5507664733343738,1,Medium Risk
33,11765.28,300,3938.25,12,9.4,0.3347349149361511,False,False,False,False,False,False,False,False,False,False,True,False,0.6062008758224781,0,High Risk
39,83971.29,721,5000.0,3,6.71,0.0595441608673631,False,False,False,True,False,False,False,False,False,False,False,True,0.09136017901325932,0,Low Risk
33,12302.31,356,5000.0,3,8.54,0.4064277359292685,False,False,False,False,False,False,False,False,False,False,True,False,0.5822473279066579,0,Medium Risk
24,60605.61,574,5000.0,12,7.6,0.0825006133920605,False,False,True,False,False,False,True,False,False,False,False,False,0.14350614910749004,0,Low Risk
56,88594.34,716,5000.0,6,2.14,0.0564370139221083,True,False,False,False,False,True,False,False,True,False,False,False,0.12013848823655207,0,Low Risk
24,14244.75,358,5000.0,9,3.86,0.3510065111707822,False,True,False,False,False,True,False,True,False,False,False,False,0.5662236729189862,1,Medium Risk
28,47507.46,526,5000.0,3,6.04,0.1052466286347449,False,False,False,False,True,False,False,True,False,False,False,False,0.5599046449380725,1,Medium Risk
41,10832.33,300,3356.12,3,1.05,0.3098243868124402,False,False,False,False,False,True,False,False,False,False,True,False,0.5194732517435702,0,Medium Risk
18,39237.91,434,5000.0,9,2.29,0.1274277860365141,False,False,False,False,True,False,False,True,False,False,False,False,0.5675572845902359,0,Medium Risk
36,8696.0,326,2109.84,12,4.65,0.242621895124195,True,False,False,False,True,False,False,True,False,False,False,False,0.5091057337896607,0,Medium Risk
47,14751.35,320,5000.0,3,3.02,0.3389520281194602,False,False,False,False,True,False,False,False,False,True,False,False,0.5677750215520148,0,Medium Risk
23,60745.27,566,100.0,3,8.17,0.0016462187097036,False,False,False,False,False,False,False,False,False,False,True,False,0.14407654642151072,0,Low Risk
25,45986.04,503,5000.0,6,7.34,0.1087286489552046,False,False,False,False,False,False,True,False,False,False,False,True,0.5768847114547196,1,Medium Risk
33,9556.27,371,100.0,12,4.24,0.0104643338875942,True,False,False,False,True,False,False,False,False,False,True,False,0.6154392394861667,0,High Risk
23,47295.89,476,5000.0,6,2.19,0.1057174312609404,False,False,False,True,False,False,False,False,False,False,True,False,0.5518110227161528,1,Medium Risk
21,8561.61,308,4443.17,6,9.08,0.5189643069469411,True,False,False,False,False,False,True,False,True,False,False,False,0.5991350969795676,1,Medium Risk
42,14331.9,339,5000.0,6,8.77,0.3488720965119768,False,True,False,False,False,True,False,False,False,True,False,False,0.5365992329477923,0,Medium Risk
35,23623.27,386,5000.0,6,6.49,0.2116557106615637,False,False,False,True,False,False,False,True,False,False,False,False,0.6079272249580069,0,High Risk
32,6625.82,300,3383.53,12,8.37,0.5106583034250856,False,False,False,False,True,False,False,False,False,False,False,False,0.6068046328880907,1,High Risk
42,68336.43,626,5000.0,6,7.14,0.0731674159741736,False,False,True,False,False,False,True,False,True,False,False,False,0.09433119249006719,0,Low Risk
29,17227.2,300,2389.75,3,9.6,0.1387195829850468,False,False,False,False,False,True,False,False,False,False,False,True,0.6199609014369932,0,High Risk
41,14280.06,377,1819.74,9,9.3,0.1274322376796736,False,False,True,False,False,True,False,True,False,False,False,False,0.5382332565072149,0,Medium Risk
47,99102.12,821,5000.0,9,7.06,0.0504530074634124,True,False,False,True,False,False,False,False,False,True,False,False,0.0627619121727855,0,Low Risk
38,42282.57,465,5000.0,3,8.73,0.118252036240938,False,True,False,True,False,False,False,True,False,False,False,False,0.6380750867713726,0,High Risk
58,81991.53,669,5000.0,12,7.28,0.0609819087410614,False,True,False,True,False,False,False,False,True,False,False,False,0.14707409113778872,0,Low Risk
22,9442.4,345,2993.27,6,1.4,0.3170030924341269,True,False,False,False,False,False,False,False,False,False,False,True,0.5707281181395044,1,Medium Risk
18,11428.13,311,1304.52,6,4.9,0.1141499090402366,False,False,False,False,True,False,False,False,True,False,False,False,0.6114662958452773,0,High Risk
57,105736.08,842,5000.0,3,5.39,0.047287548394077,False,False,False,True,False,False,False,False,True,False,False,False,0.08806852859269174,0,Low Risk
33,91818.61,723,5000.0,3,4.67,0.054455191600047,False,False,False,False,False,False,True,False,False,False,True,False,0.10819913042445906,0,Low Risk
22,6255.8,333,2272.84,12,9.17,0.3633172415997954,False,False,False,False,False,False,True,False,False,True,False,False,0.5032983242571223,0,Medium Risk
28,13197.23,366,2870.62,6,1.75,0.2175168577042303,False,False,True,False,False,True,False,False,False,False,False,False,0.5631652002830475,1,Medium Risk
55,9065.65,318,4593.95,3,1.2,0.5067424839917711,False,False,False,False,False,False,False,False,False,True,False,False,0.5444257157184293,1,Medium Risk
57,21875.04,389,1292.42,12,5.75,0.059081949107293,False,False,False,False,False,False,False,False,False,False,False,False,0.5504752039573745,0,Medium Risk
29,19477.06,339,2705.37,9,7.97,0.1389003268460434,True,False,False,False,False,True,False,False,False,False,False,False,0.6355356598767958,0,High Risk
28,13459.96,300,100.0,3,3.7,0.0074294425837818,False,False,False,False,False,False,True,True,False,False,False,False,0.5666972123140821,1,Medium Risk
49,7013.05,384,2687.29,6,6.3,0.3831842065862927,False,True,False,True,False,False,False,False,False,True,False,False,0.4876774510251172,0,Medium Risk
25,40985.29,485,3757.21,3,3.97,0.0916721584744185,True,False,False,False,False,True,False,False,False,False,True,False,0.47523222738371795,1,Medium Risk
54,49402.26,574,5000.0,12,5.79,0.101209944646257,True,False,False,False,True,False,False,False,True,False,False,False,0.14691893761530914,0,Low Risk
48,75632.06,624,5000.0,12,7.83,0.0661095307995048,False,False,False,False,True,False,False,False,False,False,True,False,0.056560019825026266,0,Low Risk
20,33536.85,450,5000.0,6,7.34,0.1490897326373824,False,False,False,False,False,False,True,False,False,False,True,False,0.5507982472055302,0,Medium Risk
45,9219.85,320,3071.86,12,4.98,0.3331789562736921,False,False,True,False,False,False,False,False,True,False,False,False,0.5518748120359989,0,Medium Risk
20,42713.72,519,5000.0,6,4.14,0.1170584065260529,False,False,False,False,True,False,False,False,False,False,False,False,0.5643687427826231,0,Medium Risk
46,9231.27,360,1088.57,6,4.83,0.1179220193971143,False,False,True,False,False,False,False,False,False,True,False,False,0.5404324069281438,0,Medium Risk
41,19095.41,383,5000.0,6,6.82,0.261843029293427,False,True,False,True,False,False,False,False,False,False,False,False,0.6031416357292213,0,High Risk
28,5000.0,363,2161.49,6,7.55,0.4322979999999999,True,False,False,False,False,False,True,True,False,False,False,False,0.4827574253303105,1,Medium Risk
31,60847.04,560,100.0,6,9.8,0.0016434653189374,True,False,False,True,False,False,False,False,True,False,False,False,0.15337657884060307,0,Low Risk
32,10363.87,332,2921.59,3,7.49,0.281901451870778,False,False,True,False,False,False,False,False,False,False,False,True,0.5606375918090285,0,Medium Risk
44,65982.04,565,5000.0,12,3.8,0.0757781966122902,True,False,False,False,False,True,False,False,False,False,False,False,0.14818403024820911,0,Low Risk
48,12292.46,329,1975.94,3,5.47,0.1607440658745279,False,False,True,False,False,False,True,False,False,True,False,False,0.5381537075272675,0,Medium Risk
21,43476.13,458,5000.0,6,4.06,0.1150056364262412,False,False,False,False,False,True,False,False,True,False,False,False,0.6357335835815191,0,High Risk
33,11895.04,312,2096.37,12,9.62,0.1762390038200796,False,False,True,False,False,False,True,False,True,False,False,False,0.6009247740148556,0,High Risk
35,7403.42,335,3394.17,12,8.09,0.4584597388774377,False,True,False,False,False,True,False,False,False,True,False,False,0.4943857541972374,0,Medium Risk
24,34028.49,443,5000.0,9,1.62,0.1469357000560412,True,False,False,False,False,True,False,False,False,False,False,False,0.5849218443304527,1,Medium Risk
44,14318.19,323,5000.0,9,7.14,0.349206149659978,False,False,True,False,False,True,False,False,True,False,False,False,0.6402942408682726,1,High Risk
18,18863.91,328,5000.0,12,1.45,0.2650563960493874,False,True,False,False,False,False,False,False,False,False,False,True,0.5998461018501751,0,Medium Risk
47,35878.28,382,5000.0,3,7.67,0.1393600808065492,True,False,False,False,True,False,False,True,False,False,False,False,0.6236192311852921,1,High Risk
51,5000.0,300,1768.64,9,6.77,0.353728,False,False,True,False,False,True,False,False,False,False,False,True,0.5624280753785058,0,Medium Risk
44,78066.53,634,5000.0,12,6.17,0.0640479344989459,False,False,False,False,False,True,False,False,False,False,False,True,0.08897108854054418,0,Low Risk
18,9988.92,331,3168.34,12,9.21,0.3171854414691478,False,True,False,False,False,True,False,False,False,False,True,False,0.5502636882810024,0,Medium Risk
41,49920.14,463,5000.0,9,3.67,0.1001599755128891,False,False,False,True,False,False,False,True,False,False,False,False,0.6482611350788487,1,High Risk
44,63662.08,600,5000.0,12,3.89,0.0785396895608814,True,False,False,False,False,False,True,True,False,False,False,False,0.07076747441940417,1,Low Risk
44,55882.5,552,5000.0,3,4.31,0.0894734487540822,True,False,False,False,False,False,True,False,True,False,False,False,0.15416768507648804,0,Low Risk
39,46281.31,447,5000.0,12,3.78,0.1080349713523666,True,False,False,False,False,True,False,False,False,False,False,True,0.6369857710424505,0,High Risk
41,5000.0,320,2563.92,9,3.22,0.512784,False,True,False,False,False,False,True,False,False,False,True,False,0.4743020626836001,1,Medium Risk
52,49165.33,460,4937.38,12,3.9,0.1004240183072095,True,False,False,False,False,False,False,True,False,False,False,False,0.6496678987786396,0,High Risk
23,5000.0,300,100.0,9,7.83,0.02,False,False,True,False,False,True,False,True,False,False,False,False,0.5214603323884118,1,Medium Risk
28,19444.68,317,3850.86,3,4.97,0.1980418294361234,False,True,False,False,False,True,False,False,False,True,False,False,0.5792687168346873,1,Medium Risk
22,11089.01,368,4679.03,12,7.68,0.4219520047326136,False,True,False,False,True,False,False,False,False,True,False,False,0.5135016265484937,1,Medium Risk
47,10896.91,342,3130.75,6,6.35,0.2873062180012499,False,False,True,False,False,True,False,False,False,False,False,False,0.5472988442348834,1,Medium Risk
50,16376.77,309,3903.6,6,8.84,0.2383620213265497,False,True,False,False,True,False,False,False,True,False,False,False,0.5627360928717299,0,Medium Risk
59,89443.49,748,5000.0,9,2.94,0.0559012176291421,True,False,False,False,False,False,True,False,False,False,False,True,0.18632405865677504,0,Low Risk
46,19722.96,364,5000.0,3,9.01,0.2535116432827527,False,True,False,True,False,False,False,False,True,False,False,False,0.6347544800577378,0,High Risk
47,85775.35,767,5000.0,6,3.26,0.0582918052797219,True,False,False,True,False,False,False,True,False,False,False,False,0.07574206276819372,0,Low Risk
40,11561.86,352,800.05,12,9.05,0.0691973436799961,False,False,True,False,False,True,False,False,False,True,False,False,0.6106689008124612,0,High Risk
43,74360.09,668,5000.0,9,2.44,0.0672403704729243,False,False,False,False,False,False,False,False,False,True,False,False,0.04809235962770911,0,Low Risk
53,5392.22,325,2409.37,9,1.54,0.4468233862861678,False,True,False,False,False,False,False,False,False,True,False,False,0.5345139922767754,0,Medium Risk
57,21383.39,451,4532.19,6,6.71,0.2119490875862059,False,True,False,False,False,False,True,True,False,False,False,False,0.565409850717476,0,Medium Risk
45,65340.58,667,5000.0,3,3.88,0.0765221245357785,True,False,False,False,False,False,False,False,False,False,True,False,0.07737368830168041,0,Low Risk
24,28960.91,362,3476.64,3,5.59,0.120045951594753,False,False,False,True,False,False,False,False,False,True,False,False,0.5498767399803899,1,Medium Risk
44,9375.91,329,100.0,6,6.08,0.0106656313893798,False,True,False,False,False,False,False,False,False,False,False,False,0.5539372045911514,0,Medium Risk
24,8659.94,322,1415.89,3,3.67,0.1634988233174825,False,False,True,False,False,False,True,False,True,False,False,False,0.5450881891567144,1,Medium Risk
59,85777.42,761,5000.0,6,6.48,0.0582903985687608,False,False,False,False,False,False,True,True,False,False,False,False,0.0747975487284267,0,Low Risk
42,16183.15,341,1853.93,9,8.69,0.1145592792503313,False,True,False,True,False,False,False,False,False,False,False,True,0.5506277269319095,1,Medium Risk
35,31556.78,455,3723.54,9,4.7,0.1179949285066473,False,False,False,True,False,False,False,False,False,True,False,False,0.5580114974713578,1,Medium Risk
43,84305.27,729,5000.0,9,2.36,0.0593082733736574,True,False,False,False,False,False,True,False,False,False,False,False,0.07899618858462922,0,Low Risk
25,28962.09,449,2070.85,9,9.55,0.0715020911819554,True,False,False,False,False,True,False,False,True,False,False,False,0.5670551672224469,0,Medium Risk
22,15846.98,349,100.0,3,8.06,0.0063103506157009,False,True,False,False,True,False,False,False,False,False,True,False,0.5593126978405872,1,Medium Risk
23,5317.97,300,1413.85,3,1.58,0.2658627258145495,False,False,True,False,False,False,False,False,False,False,False,True,0.5819529674549643,1,Medium Risk
55,25729.26,442,5000.0,12,8.06,0.1943312788630532,False,True,False,False,False,False,False,False,False,False,False,True,0.599220444987801,0,Medium Risk
48,95119.75,764,5000.0,12,7.7,0.0525653189794969,True,False,False,False,True,False,False,False,False,False,True,False,0.0930593653828796,0,Low Risk
33,64280.29,588,5000.0,12,1.86,0.0777843410476212,True,False,False,False,False,False,True,False,True,False,False,False,0.07403256745945046,0,Low Risk
47,6717.84,300,1738.37,6,4.64,0.2587691877150989,False,False,True,False,True,False,False,False,False,True,False,False,0.6068747558439628,1,High Risk
59,5000.0,300,2078.59,12,4.22,0.415718,False,False,True,False,True,False,False,False,False,False,False,False,0.6374375994339178,0,High Risk
19,11681.71,346,3875.05,3,4.61,0.3317194143665611,False,True,False,False,False,True,False,False,True,False,False,False,0.4967673315715511,0,Medium Risk
43,78160.42,631,5000.0,6,4.97,0.0639709970852255,True,False,False,False,False,True,False,False,False,False,False,False,0.10528068456306304,0,Low Risk
20,11141.53,300,3147.66,6,5.23,0.2825159560670751,False,False,True,False,False,False,False,False,True,False,False,False,0.6480188320186709,0,High Risk
30,5000.0,324,495.96,3,8.37,0.099192,False,True,False,True,False,False,False,False,True,False,False,False,0.5428511021081355,0,Medium Risk
19,8935.03,300,1188.42,3,9.54,0.1330068281807671,False,True,False,False,False,False,True,False,False,False,True,False,0.611703561408199,1,High Risk
34,12126.22,325,4032.91,6,2.92,0.3325776705354183,False,True,False,False,True,False,False,False,False,False,True,False,0.5226303766819916,1,Medium Risk
19,37679.89,440,5000.0,12,1.03,0.132696778042611,False,False,False,False,False,False,True,False,False,False,True,False,0.5500751233496249,1,Medium Risk
52,25743.92,464,5000.0,12,2.63,0.194220615974568,False,True,False,False,False,False,True,False,False,False,True,False,0.578192335723471,1,Medium Risk
45,44555.67,537,5000.0,3,8.85,0.1122191631278353,False,False,False,False,True,False,False,False,False,True,False,False,0.6203965414000369,0,High Risk
35,12882.47,320,4808.84,12,3.32,0.3732855578161642,False,False,True,True,False,False,False,True,False,False,False,False,0.605884358747938,0,High Risk
23,27627.71,415,5000.0,9,9.23,0.1809777212805549,True,False,False,False,True,False,False,False,False,False,True,False,0.5894275435020443,0,Medium Risk
29,56719.29,520,5000.0,12,9.58,0.0881534306935083,True,False,False,True,False,False,False,False,True,False,False,False,0.5496827163564119,0,Medium Risk
48,24648.66,379,5000.0,9,6.07,0.2028507837748583,False,True,False,False,True,False,False,True,False,False,False,False,0.5813642826598834,1,Medium Risk
33,18498.54,307,324.75,6,7.92,0.0175554395103613,False,False,True,False,False,False,False,False,False,True,False,False,0.6101556048374961,1,High Risk
30,60109.47,578,5000.0,3,1.22,0.0831815685614928,False,False,False,False,False,False,True,True,False,False,False,False,0.08400192384499798,0,Low Risk
53,7528.98,300,1249.59,3,2.77,0.165970689256712,False,True,False,False,False,False,True,False,False,True,False,False,0.6439592099109196,0,High Risk
52,29385.64,466,5000.0,3,8.6,0.1701511350441916,True,False,False,False,False,False,False,False,False,False,False,False,0.5704825114875551,0,Medium Risk
30,12170.02,319,3405.45,9,6.45,0.2798228762154869,False,False,True,True,False,False,False,False,True,False,False,False,0.5775458132815662,1,Medium Risk
24,6984.04,331,2060.85,3,6.02,0.2950799250863397,False,False,True,False,True,False,False,False,False,True,False,False,0.5245965278195444,0,Medium Risk
40,65735.57,649,5000.0,3,8.34,0.076062320597509,True,False,False,True,False,False,False,False,False,True,False,False,0.09106692685448121,0,Low Risk
19,5638.26,300,1091.2,3,5.41,0.1935348848758304,False,False,True,False,False,False,False,False,False,False,True,False,0.575654445290495,1,Medium Risk
46,60987.15,449,5000.0,6,3.18,0.0819844836166307,False,False,False,False,False,False,True,False,False,False,False,True,0.6205220284007992,0,High Risk
28,55476.95,556,5000.0,6,9.14,0.0901275214300714,False,False,False,False,False,False,False,False,False,False,False,False,0.05972813527564489,0,Low Risk
48,9700.12,300,3030.39,3,9.98,0.3124074753714386,False,False,True,True,False,False,False,False,True,False,False,False,0.5083087206300364,0,Medium Risk
20,9315.82,363,1924.0,6,4.35,0.206530396680056,False,False,True,False,True,False,False,False,False,False,True,False,0.5145391041498876,0,Medium Risk
25,12262.29,300,4223.2,6,9.15,0.3444054903284785,False,False,True,False,False,True,False,False,False,False,False,False,0.6720024707978653,1,High Risk
31,12203.94,334,5000.0,12,1.09,0.4097037514114294,False,False,True,False,False,False,False,False,False,False,False,True,0.6125184016881596,0,High Risk
19,15768.34,420,2691.7,12,3.54,0.1707028133589204,False,True,False,True,False,False,False,True,False,False,False,False,0.5209834162685046,1,Medium Risk
33,9515.36,327,2840.03,9,4.14,0.2984679507659195,False,False,True,False,True,False,False,True,False,False,False,False,0.5865456386684597,0,Medium Risk
22,14847.25,392,5000.0,6,9.93,0.3367627001633299,True,False,False,False,True,False,False,False,False,False,False,True,0.4089374994362462,0,Medium Risk
41,14290.99,343,5000.0,6,7.32,0.3498707927162499,False,True,False,False,False,False,False,False,True,False,False,False,0.5827166752864154,1,Medium Risk
20,10551.58,334,2497.14,3,4.91,0.2366602916340491,False,False,True,False,True,False,False,False,True,False,False,False,0.5508088409179114,1,Medium Risk
39,8959.98,306,2700.8,3,3.16,0.301429244261706,False,True,False,False,True,False,False,True,False,False,False,False,0.572159333281972,1,Medium Risk
59,27694.59,378,5000.0,6,6.83,0.1805406759948423,False,True,False,True,False,False,False,False,False,False,False,False,0.6006625628899225,1,High Risk
43,37173.5,396,5000.0,12,9.79,0.1345044184701467,True,False,False,False,False,False,True,False,True,False,False,False,0.618096472723007,1,High Risk
55,39267.17,507,5000.0,6,4.08,0.1273328330001882,True,False,False,True,False,False,False,False,True,False,False,False,0.5055488148388929,0,Medium Risk
28,5000.0,315,1166.39,12,9.48,0.233278,False,False,True,False,True,False,False,False,False,False,False,True,0.5453092845534457,1,Medium Risk
37,48974.23,495,5000.0,12,7.15,0.1020945097043894,True,False,False,False,True,False,False,False,False,False,True,False,0.6258864891604816,0,High Risk
59,13458.11,315,4365.74,9,5.72,0.3243947329899963,False,False,True,False,False,False,True,False,True,False,False,False,0.5735079213733566,1,Medium Risk
32,15638.95,365,3607.34,9,2.83,0.2306638233385233,False,True,False,False,False,False,True,False,True,False,False,False,0.5587450022675515,1,Medium Risk
38,8641.5,309,3892.66,3,5.84,0.4504611467916449,False,False,True,True,False,False,False,False,False,False,False,True,0.5303103422043783,0,Medium Risk
52,51071.42,480,100.0,9,8.97,0.0019580422866644,False,False,False,False,False,True,False,False,False,False,False,False,0.5724622394079423,1,Medium Risk
27,7677.11,340,1301.55,6,9.85,0.169536453170529,False,True,False,False,False,False,True,True,False,False,False,False,0.5336059373242179,1,Medium Risk
35,9921.64,358,452.61,6,4.77,0.045618466301942,False,False,True,True,False,False,False,False,False,False,False,False,0.49090026282414767,0,Medium Risk
36,16160.49,411,4529.99,6,5.17,0.2803126637868035,False,True,False,False,True,False,False,False,False,False,False,False,0.5522164025611725,0,Medium Risk
26,18573.52,410,5000.0,3,2.89,0.2692004531182027,False,True,False,False,False,True,False,True,False,False,False,False,0.6007796249860173,1,High Risk
56,17298.78,394,5000.0,6,2.19,0.2890377240475918,False,True,False,False,True,False,False,False,False,False,True,False,0.5891642484323952,1,Medium Risk
18,12262.81,324,5000.0,12,6.88,0.4077368890164652,False,False,True,False,False,False,False,False,True,False,False,False,0.6232935884709634,0,High Risk
27,7124.2,316,277.58,9,8.67,0.0389629712809859,False,True,False,False,False,False,False,False,False,False,True,False,0.4859870207896443,1,Medium Risk
36,26099.39,338,5000.0,3,6.91,0.1915753586578077,False,False,False,False,False,False,False,False,False,False,False,False,0.6188912235276933,0,High Risk
41,13033.76,300,633.3,6,2.2,0.0485892021949153,False,False,True,False,False,False,True,True,False,False,False,False,0.5785678798339023,1,Medium Risk
33,62901.27,547,5000.0,12,5.62,0.0794896510038668,True,False,False,False,False,False,False,False,False,False,False,True,0.5109958327972092,0,Medium Risk
33,60229.89,519,5000.0,3,2.79,0.0830152603632515,False,False,False,False,False,True,False,False,False,True,False,False,0.5619355740028683,1,Medium Risk
54,12928.22,312,3215.01,6,6.01,0.2486815663718594,False,False,True,True,False,False,False,False,False,True,False,False,0.5535116362845176,0,Medium Risk
57,60975.25,519,5000.0,12,4.94,0.0820004838028544,False,False,False,False,False,False,True,False,False,False,False,False,0.559124959605889,1,Medium Risk
33,15352.43,300,2898.61,3,1.0,0.1888046387444854,False,True,False,False,True,False,False,False,False,False,False,True,0.6263496618781401,1,High Risk
50,8287.25,321,1936.63,3,5.78,0.2336878940541193,False,False,True,False,True,False,False,False,False,False,False,False,0.5425540141348111,1,Medium Risk
28,50713.67,497,5000.0,12,2.4,0.0985927462950325,False,False,False,False,False,False,False,False,False,False,False,False,0.6082376968053068,0,High Risk
59,25002.6,333,4512.69,3,9.09,0.1804888291617671,False,True,False,False,True,False,False,False,False,False,True,False,0.6277679747757632,0,High Risk
24,7862.52,304,2037.81,6,2.97,0.2591802628165016,False,False,True,False,True,False,False,False,False,True,False,False,0.607457169451769,0,High Risk
19,45109.8,492,5000.0,3,6.73,0.1108406599009527,True,False,False,False,False,False,True,False,False,True,False,False,0.5365353737199619,0,Medium Risk
35,42231.78,460,5000.0,6,3.5,0.1183942519117119,True,False,False,False,False,False,True,True,False,False,False,False,0.5925645052222128,0,Medium Risk
19,72241.63,665,5000.0,6,3.28,0.0692121703233994,True,False,False,False,True,False,False,False,False,True,False,False,0.06665965309690763,0,Low Risk
51,74576.0,553,5000.0,6,5.73,0.067045698347994,True,False,False,False,False,False,False,False,False,True,False,False,0.2939069337058245,1,Low Risk
33,6012.08,300,1666.51,12,9.21,0.2771935835850487,False,True,False,False,False,True,False,False,False,False,False,True,0.5345522557014701,1,Medium Risk
25,15928.58,413,5000.0,3,1.71,0.3139011763760486,False,True,False,False,True,False,False,False,False,False,True,False,0.520085796781626,1,Medium Risk
49,65280.18,626,5000.0,6,6.14,0.076592926061172,False,False,False,False,True,False,False,True,False,False,False,False,0.05528193179072793,0,Low Risk
43,15815.95,377,5000.0,12,7.15,0.3161365583477439,False,True,False,False,True,False,False,False,False,True,False,False,0.5562387586029636,0,Medium Risk
19,5000.0,300,419.04,12,3.16,0.083808,False,False,True,False,False,False,False,False,False,False,False,False,0.5024870411369171,1,Medium Risk
50,5000.0,300,1653.82,3,1.81,0.330764,False,False,True,True,False,False,False,False,True,False,False,False,0.5591185716681586,0,Medium Risk
44,15456.31,407,4378.72,12,1.25,0.2832965953710815,False,True,False,True,False,False,False,False,False,False,False,True,0.549618722053914,1,Medium Risk
22,7671.72,313,2432.31,6,9.03,0.3170488495409113,False,False,True,True,False,False,False,False,False,False,True,False,0.5475885294359862,1,Medium Risk
35,36066.69,486,5000.0,12,4.67,0.138632072973705,True,False,False,False,False,False,True,False,True,False,False,False,0.5729083451026457,0,Medium Risk
40,19120.83,316,3561.17,9,3.5,0.1862455761596123,False,True,False,True,False,False,False,False,True,False,False,False,0.6032735906186368,1,High Risk
24,65487.81,550,5000.0,9,7.95,0.0763500871383544,True,False,False,False,False,True,False,False,False,True,False,False,0.3579217759352539,0,Low Risk
51,99270.89,830,5000.0,6,2.18,0.0503672325290928,True,False,False,True,False,False,False,False,False,False,False,True,0.07722534224025202,0,Low Risk
51,18668.87,300,1839.23,6,1.85,0.0985185498640249,False,True,False,False,False,True,False,False,False,False,False,False,0.582677745954268,1,Medium Risk
35,54132.27,506,5000.0,12,5.52,0.0923663463586507,True,False,False,False,False,False,False,False,False,False,True,False,0.5897461940988714,1,Medium Risk
41,8579.67,332,3482.57,3,1.23,0.4059095512997586,False,False,True,True,False,False,False,False,False,False,False,False,0.49238226087092535,1,Medium Risk
22,8280.39,300,100.0,6,9.02,0.0120767258547,False,False,True,False,False,False,False,False,False,False,True,False,0.5822452354521446,0,Medium Risk
21,35906.28,463,5000.0,6,9.31,0.1392514067177106,False,False,False,False,False,False,False,False,False,False,False,True,0.5585447577517151,0,Medium Risk
28,15662.26,332,5000.0,12,4.21,0.3192387305535727,False,True,False,False,True,False,False,False,False,False,False,False,0.624101123914278,1,High Risk
46,20279.61,375,2440.09,6,5.69,0.1203223336148969,False,True,False,False,True,False,False,False,False,False,True,False,0.5267274972735371,0,Medium Risk
18,9350.89,300,4551.43,6,1.81,0.486737626044152,False,False,True,False,False,True,False,False,False,False,True,False,0.6861378617946179,0,High Risk
43,16617.55,380,4817.52,6,7.45,0.2899055516607443,False,True,False,True,False,False,False,False,False,False,False,False,0.5870351891259422,0,Medium Risk
42,87603.13,704,5000.0,6,1.41,0.0570755862261999,False,False,False,False,True,False,False,False,False,False,False,False,0.09371166481409571,0,Low Risk
48,46434.79,518,5000.0,9,7.72,0.1076778854819845,False,False,False,False,False,True,False,True,False,False,False,False,0.6344448664483542,1,High Risk
24,11507.69,327,4077.67,3,6.64,0.3543430523415212,False,True,False,False,False,True,False,True,False,False,False,False,0.5392614289544061,1,Medium Risk
26,13609.44,300,5000.0,6,1.99,0.3673920455213439,False,False,True,False,False,True,False,False,False,False,True,False,0.7129997120587243,1,High Risk
42,105596.52,770,5000.0,3,9.98,0.0473500452477032,True,False,False,True,False,False,False,False,False,False,False,False,0.1195787133509208,0,Low Risk
34,6709.5,300,1743.43,12,3.68,0.2598449959013339,False,False,True,False,True,False,False,False,True,False,False,False,0.6229062355920079,1,High Risk
59,5144.1,300,1057.7,3,7.87,0.2056141987908477,False,False,True,True,False,False,False,False,True,False,False,False,0.5783004496688501,1,Medium Risk
33,19036.42,330,4718.04,9,1.92,0.2478428191855401,False,True,False,False,False,False,True,False,True,False,False,False,0.5914274676525825,0,Medium Risk
27,11966.58,309,5000.0,12,7.4,0.417830324119339,False,True,False,False,True,False,False,False,False,False,False,False,0.6084480392294634,1,High Risk
20,26073.62,429,5000.0,3,2.34,0.1917647031750865,True,False,False,False,False,False,True,False,False,True,False,False,0.4871495893936404,0,Medium Risk
47,19704.05,349,5000.0,6,6.01,0.2537549387054946,False,True,False,True,False,False,False,False,True,False,False,False,0.6166082928537069,0,High Risk
58,121868.52,850,5000.0,9,2.62,0.0410278224434004,True,False,False,False,False,False,False,True,False,False,False,False,0.06934597346666786,1,Low Risk
52,22087.84,353,2750.62,3,6.94,0.124530963643344,False,True,False,False,True,False,False,False,True,False,False,False,0.49085478279376216,1,Medium Risk
44,25162.5,430,5000.0,6,2.4,0.1987083954297069,False,True,False,True,False,False,False,False,False,True,False,False,0.5661066983903674,1,Medium Risk
37,46218.68,478,5000.0,6,8.69,0.1081813673605563,True,False,False,False,True,False,False,False,False,False,False,False,0.6544844913877409,1,High Risk
19,5555.7,320,2433.99,3,7.76,0.4381068092229602,False,False,True,False,True,False,False,False,True,False,False,False,0.539387398676959,0,Medium Risk
38,10858.65,300,4029.68,9,5.76,0.3711032218553872,False,False,True,False,False,False,True,False,False,True,False,False,0.5953653104538568,1,Medium Risk
32,5605.06,300,4052.59,9,3.52,0.7230234823534449,False,False,True,False,True,False,False,False,False,False,False,False,0.5872207181593572,0,Medium Risk
47,15248.5,368,5000.0,6,8.84,0.3279011050267239,False,False,True,False,True,False,False,False,True,False,False,False,0.5869617107248061,0,Medium Risk
25,10389.39,300,3181.7,12,9.91,0.306245121224634,False,False,True,False,False,False,True,True,False,False,False,False,0.5818479222245238,0,Medium Risk
23,10055.57,314,2877.17,3,6.57,0.286126992303768,False,True,False,False,False,False,False,False,False,False,False,False,0.5736541825387558,1,Medium Risk
48,21559.79,387,5000.0,12,6.11,0.2319132050915152,False,True,False,False,False,False,False,True,False,False,False,False,0.6187884654693455,0,High Risk
33,50158.93,535,5000.0,12,8.73,0.0996831471484738,False,False,False,False,True,False,False,False,True,False,False,False,0.5443611218176376,0,Medium Risk
54,54697.53,562,5000.0,3,9.11,0.0914118059810013,True,False,False,False,True,False,False,False,False,False,True,False,0.0974125833557688,0,Low Risk
50,19210.85,405,5000.0,3,1.64,0.2602695872384616,False,False,True,False,False,True,False,True,False,False,False,False,0.5810665647411217,1,Medium Risk
51,53706.05,508,5000.0,9,2.65,0.0930993807960183,True,False,False,False,True,False,False,True,False,False,False,False,0.6177857038567732,1,High Risk
52,91246.08,738,5000.0,6,2.03,0.054796874561625,True,False,False,True,False,False,False,False,False,False,True,False,0.09898820267192569,0,Low Risk
21,10598.05,300,1628.87,12,9.59,0.1536952552592222,False,True,False,True,False,False,False,False,False,False,True,False,0.6236069966797689,0,High Risk
38,53806.3,588,5000.0,9,3.61,0.0929259213140468,False,False,False,True,False,False,False,False,False,False,False,True,0.06908004800763415,0,Low Risk
45,11111.6,300,2765.02,9,7.96,0.2488408510025558,False,False,True,False,False,False,False,False,True,False,False,False,0.6773959556473862,0,High Risk
31,68870.19,666,5000.0,9,8.82,0.0726003514728215,False,False,False,False,False,False,False,False,False,True,False,False,0.07620961075921336,0,Low Risk
45,92443.1,668,5000.0,9,8.35,0.0540873250680688,True,False,False,True,False,False,False,False,False,False,True,False,0.15561933241394224,1,Low Risk
49,38690.44,416,5000.0,6,1.33,0.1292308901113556,False,False,False,False,False,False,False,False,False,False,False,True,0.5855800034727129,0,Medium Risk
42,89350.34,731,5000.0,3,7.93,0.0559594960690692,True,False,False,False,False,True,False,False,False,True,False,False,0.059303463530448484,0,Low Risk
30,44236.81,493,5000.0,9,4.59,0.1130280415789475,True,False,False,False,True,False,False,False,False,True,False,False,0.5786985681352305,0,Medium Risk
32,59229.07,618,4851.1,3,9.48,0.081904038000259,False,False,False,False,False,True,False,False,False,False,True,False,0.10714025836097918,0,Low Risk
32,52301.72,586,2269.64,3,2.03,0.0433951311735063,False,False,False,False,False,True,False,False,False,False,False,True,0.12923339475807394,0,Low Risk
41,18499.11,328,5000.0,3,9.31,0.2702832730871917,False,True,False,False,False,False,False,False,False,False,False,False,0.6117058068613086,1,High Risk
20,5000.0,306,893.19,3,3.71,0.178638,True,False,False,False,False,True,False,True,False,False,False,False,0.47651570986451025,0,Medium Risk
59,18425.61,331,5000.0,3,9.78,0.2713614366091543,False,True,False,False,False,False,False,False,False,False,False,False,0.6557639256724295,0,High Risk
29,43383.23,471,2756.02,12,2.2,0.0635273122817272,True,False,False,False,False,True,False,True,False,False,False,False,0.5679800425638919,1,Medium Risk
55,5858.23,332,2194.31,6,7.54,0.3745687690650589,False,False,True,False,True,False,False,False,False,False,True,False,0.564942926242457,1,Medium Risk
40,43194.63,514,5000.0,6,3.22,0.1157551297464522,False,False,False,False,True,False,False,False,False,True,False,False,0.6125356020496341,0,High Risk
48,31270.38,444,5000.0,9,3.89,0.1598957224056759,False,True,False,False,False,False,False,True,False,False,False,False,0.5509094307647278,0,Medium Risk
45,17040.37,341,3708.18,3,3.01,0.2176114720513697,False,True,False,False,True,False,False,False,False,False,False,False,0.552221667289546,0,Medium Risk
54,89316.16,695,4594.41,9,9.39,0.0514398514221838,False,False,False,True,False,False,False,False,True,False,False,False,0.21163056079188858,0,Low Risk
24,5034.62,351,866.36,3,8.04,0.1720805145174809,False,False,True,False,True,False,False,False,False,False,False,True,0.5544506723901396,0,Medium Risk
32,54526.88,597,5000.0,3,3.26,0.0916978928557804,False,False,False,False,True,False,False,True,False,False,False,False,0.031086051495609068,0,Low Risk
36,65824.06,588,5000.0,3,7.12,0.0759600668813196,True,False,False,False,True,False,False,False,False,False,False,True,0.07075658696395859,0,Low Risk
55,95521.5,753,5000.0,12,1.34,0.0523442366378249,True,False,False,True,False,False,False,False,True,False,False,False,0.14489218200299955,0,Low Risk
53,64211.54,630,5000.0,9,9.67,0.077867623171785,True,False,False,True,False,False,False,False,False,False,True,False,0.06872053473699873,0,Low Risk
41,61028.53,609,5000.0,3,6.13,0.0819288945678357,False,False,False,True,False,False,False,False,True,False,False,False,0.08748339884827994,0,Low Risk
48,13693.64,360,5000.0,12,6.86,0.3651330106531207,False,False,True,False,False,True,False,False,False,False,True,False,0.5645426940468566,1,Medium Risk
28,13228.97,307,5000.0,12,6.43,0.3779583746882788,False,True,False,True,False,False,False,False,False,True,False,False,0.6287381349317462,0,High Risk
52,7723.82,305,1541.39,12,9.29,0.1995631695197454,False,True,False,True,False,False,False,False,False,False,False,False,0.6311901548403541,1,High Risk
45,14408.23,393,3779.69,3,3.42,0.2623285441723237,False,False,True,False,False,True,False,True,False,False,False,False,0.5697270382563826,0,Medium Risk
49,79206.92,604,5000.0,9,3.51,0.0631257975944526,False,False,False,False,False,False,True,False,False,True,False,False,0.07337271230982578,0,Low Risk
28,10871.93,309,5000.0,3,2.21,0.4598999441681468,False,False,True,False,False,False,True,False,False,True,False,False,0.5894334056766386,0,Medium Risk
26,58434.93,562,5000.0,9,7.79,0.0855652603673864,True,False,False,False,False,False,True,False,False,False,False,False,0.17294797609849968,0,Low Risk
18,55207.75,471,5000.0,9,8.6,0.0905669946701323,True,False,False,False,False,True,False,False,False,False,False,True,0.6910488014542847,1,High Risk
28,11098.76,300,5000.0,9,1.41,0.4505007766633389,False,True,False,False,False,False,True,False,False,False,False,False,0.6276334119128062,1,High Risk
33,32010.96,370,5000.0,9,8.27,0.156196502697826,False,False,False,False,False,False,False,False,False,False,False,False,0.6029367879417241,0,High Risk
55,16281.4,385,5000.0,12,3.63,0.3070988981291535,False,False,True,True,False,False,False,False,False,False,True,False,0.5643227421889888,0,Medium Risk
23,31122.02,524,5000.0,6,7.79,0.1606579521509208,False,False,False,False,False,False,True,False,True,False,False,False,0.5504803719292684,0,Medium Risk
30,43372.05,433,5000.0,12,5.07,0.1152816156949002,False,False,False,True,False,False,False,False,False,False,False,True,0.663960446761112,1,High Risk
18,51232.32,562,5000.0,9,8.55,0.0975946433813655,True,False,False,False,True,False,False,False,False,False,True,False,0.12935611471188493,0,Low Risk
32,47561.55,532,5000.0,9,7.24,0.1051269355182915,True,False,False,False,False,True,False,False,False,True,False,False,0.5426810877871219,1,Medium Risk
27,11893.65,300,5000.0,12,8.48,0.420392394260803,False,True,False,False,False,False,True,False,False,True,False,False,0.6470446484623052,0,High Risk
37,15152.82,424,5000.0,9,1.92,0.3299715828472851,False,True,False,False,True,False,False,False,False,False,False,False,0.48707197309720646,1,Medium Risk
24,7408.54,394,841.01,3,8.42,0.1135189929459785,False,False,True,True,False,False,False,True,False,False,False,False,0.5477350243067776,1,Medium Risk
53,75623.74,625,5000.0,6,8.43,0.0661168040617933,True,False,False,True,False,False,False,True,False,False,False,False,0.08672670347288357,0,Low Risk
36,8568.79,369,477.94,9,2.23,0.0557768366362111,False,False,True,False,False,True,False,False,True,False,False,False,0.537122567532115,0,Medium Risk
30,32910.71,423,5000.0,6,5.45,0.1519262270549617,False,False,False,False,False,True,False,False,False,False,True,False,0.5815710254622134,0,Medium Risk
20,5000.0,319,3571.89,12,8.68,0.714378,False,False,True,False,False,True,False,False,False,False,False,False,0.49463714011635374,0,Medium Risk
49,79431.79,706,5000.0,9,9.98,0.0629470895720718,False,False,False,False,False,False,False,False,True,False,False,False,0.24511629557884076,1,Low Risk
18,29332.03,451,5000.0,3,6.62,0.1704621193964413,False,False,False,False,False,False,True,True,False,False,False,False,0.5330768305090068,0,Medium Risk
56,66135.35,610,5000.0,12,1.94,0.0756025332896854,True,False,False,False,False,False,True,False,False,False,False,False,0.10883621222372204,0,Low Risk
32,52668.37,546,5000.0,3,2.13,0.0949336385386523,True,False,False,False,False,False,True,False,False,False,True,False,0.4703637459509445,0,Medium Risk
39,58455.89,563,5000.0,12,7.99,0.0855345800055392,False,False,False,False,True,False,False,False,False,False,False,False,0.15640605660541973,1,Low Risk
21,35214.52,486,5000.0,6,6.53,0.1419868849554104,False,False,False,False,False,False,True,False,True,False,False,False,0.5507307415374466,0,Medium Risk
24,25221.14,411,2182.19,3,5.58,0.0865222587083692,True,False,False,False,False,False,False,False,True,False,False,False,0.5693371029007804,0,Medium Risk
38,80238.86,627,5000.0,3,9.14,0.0623139461353264,True,False,False,False,False,True,False,False,False,False,False,False,0.1015058366106015,0,Low Risk
43,74014.59,695,5000.0,9,3.08,0.0675542484258846,True,False,False,False,False,False,False,False,False,False,False,False,0.06886646775934505,0,Low Risk
22,17288.64,403,4239.34,6,4.17,0.2452095711403557,False,True,False,True,False,False,False,False,False,False,False,True,0.5435636577477577,0,Medium Risk
51,67505.55,660,100.0,3,2.82,0.0014813596807966,True,False,False,False,False,False,False,False,False,False,False,False,0.14596003829545035,0,Low Risk
20,28855.52,444,4877.33,6,4.74,0.1690258917531203,True,False,False,False,True,False,False,False,False,True,False,False,0.4982909512954174,1,Medium Risk
29,32892.63,389,5000.0,3,9.7,0.1520097359195661,False,False,False,True,False,False,False,False,False,True,False,False,0.5731159607946706,1,Medium Risk
52,31768.61,441,5000.0,6,4.15,0.1573880632485966,False,True,False,False,False,False,True,False,False,False,False,False,0.557368243418119,0,Medium Risk
54,17843.61,430,5000.0,3,8.88,0.280212356131971,False,True,False,False,True,False,False,True,False,False,False,False,0.5267566108252995,0,Medium Risk
58,68999.96,586,5000.0,6,2.67,0.0724638101239479,False,False,False,False,False,False,True,True,False,False,False,False,0.13740880472871003,0,Low Risk
21,13005.66,327,5000.0,6,4.52,0.3844480018699551,False,True,False,False,True,False,False,False,False,False,False,True,0.6204155266513581,0,High Risk
58,13005.27,346,2261.92,6,8.42,0.1739233403074292,False,False,True,False,False,True,False,False,False,False,True,False,0.5247889427375023,0,Medium Risk
32,43221.22,497,5000.0,6,4.43,0.1156839163725595,False,False,False,False,False,True,False,False,True,False,False,False,0.6416685068756048,1,High Risk
51,79288.16,705,5000.0,3,4.75,0.0630611178264194,True,False,False,False,False,False,True,True,False,False,False,False,0.13899258818155638,0,Low Risk
48,65829.69,647,5000.0,12,6.59,0.0759535704937999,True,False,False,False,True,False,False,False,False,True,False,False,0.06559828556978485,0,Low Risk
57,14037.48,327,3976.69,12,2.42,0.283290875570259,False,False,True,False,False,False,False,False,False,True,False,False,0.49967101353655835,1,Medium Risk
38,13904.14,363,100.0,6,1.24,0.007192102496091,False,False,True,False,False,False,False,False,False,False,False,True,0.5678887142207255,1,Medium Risk
18,5814.46,300,1353.34,3,5.58,0.2327542024538822,False,False,True,True,False,False,False,False,False,False,True,False,0.5645011762549647,1,Medium Risk
22,39777.97,504,5000.0,12,9.97,0.1256977166004197,False,False,False,True,False,False,False,False,False,False,False,True,0.3962194699059573,1,Low Risk
27,17280.2,342,2670.3,6,4.09,0.1545294614645664,False,True,False,True,False,False,False,False,True,False,False,False,0.5641177277537215,1,Medium Risk
48,5878.51,300,1417.09,12,1.01,0.2410627863183017,False,True,False,False,False,True,False,True,False,False,False,False,0.5413617631591415,1,Medium Risk
20,5000.0,300,1397.5,9,6.96,0.2795,False,False,True,False,False,False,True,True,False,False,False,False,0.642095698436343,0,High Risk
35,11468.2,300,3565.81,12,5.76,0.3109302244467309,False,False,True,False,True,False,False,False,False,True,False,False,0.6624000518029013,1,High Risk
50,16682.56,420,5000.0,9,7.9,0.2997141925459881,False,False,True,False,False,False,False,False,False,True,False,False,0.5573306900000167,0,Medium Risk
50,62074.48,574,5000.0,9,2.78,0.0805483992777708,False,False,False,False,True,False,False,False,False,True,False,False,0.09891447129087202,0,Low Risk
58,20661.25,346,5000.0,12,4.07,0.2419989110049004,False,True,False,True,False,False,False,True,False,False,False,False,0.6308529397714293,1,High Risk
37,9764.85,300,5000.0,6,8.43,0.5120406355448368,False,True,False,True,False,False,False,False,False,False,False,False,0.5813797236831367,0,Medium Risk
40,28703.6,462,5000.0,9,6.11,0.1741941777338034,False,False,False,False,False,False,False,False,False,False,False,True,0.5655854624715093,0,Medium Risk
27,9365.72,300,3671.98,12,8.76,0.3920659596912998,False,False,True,False,False,True,False,False,False,False,False,True,0.619722056459805,1,High Risk
47,82452.06,677,5000.0,3,5.26,0.0606412987134584,False,False,False,False,True,False,False,False,False,False,True,False,0.08657718083035654,0,Low Risk
45,61805.91,538,5000.0,3,9.25,0.0808984124657334,False,False,False,True,False,False,False,False,False,True,False,False,0.6588264589904697,1,High Risk
26,51543.94,470,5000.0,9,3.15,0.0970046139274568,True,False,False,True,False,False,False,False,False,False,True,False,0.6549171909630118,0,High Risk
34,40080.59,446,5000.0,12,2.67,0.1247486626319622,False,False,False,False,True,False,False,False,False,True,False,False,0.5597134069742826,1,Medium Risk
29,16226.62,303,4577.01,6,2.58,0.2820679845833574,False,True,False,False,True,False,False,True,False,False,False,False,0.6414428489488126,0,High Risk
22,34043.05,413,5000.0,3,6.54,0.1468728565742493,True,False,False,True,False,False,False,False,False,False,True,False,0.5293078005626844,1,Medium Risk
44,14139.5,349,5000.0,12,5.15,0.3536192934686517,False,True,False,False,True,False,False,False,False,True,False,False,0.5618147057284409,1,Medium Risk
39,71234.48,621,5000.0,3,7.75,0.0701907278610021,True,False,False,False,False,False,False,False,False,False,True,False,0.08662566243080731,1,Low Risk
18,44477.05,507,5000.0,9,3.72,0.1124175276912475,False,False,False,False,False,True,False,False,False,False,False,False,0.637195682287758,1,High Risk
38,14459.62,302,3025.42,12,6.07,0.2092323311400991,False,True,False,False,False,False,False,True,False,False,False,False,0.6619194801346366,0,High Risk
36,7850.47,300,3744.43,3,1.77,0.4769688948559767,False,False,True,False,False,False,True,False,True,False,False,False,0.5454647466686707,0,Medium Risk
42,8398.51,300,2343.46,6,5.45,0.2790328284421879,False,False,True,False,False,True,False,False,False,True,False,False,0.6242054995005342,1,High Risk
33,48367.64,459,5000.0,3,3.99,0.1033749010702196,True,False,False,False,False,False,True,True,False,False,False,False,0.48616927623266337,1,Medium Risk
24,55549.73,516,5000.0,9,1.3,0.0900094383897095,False,False,False,False,True,False,False,False,False,True,False,False,0.4684022034472083,1,Medium Risk
29,16197.45,382,4077.11,3,4.66,0.2517130782931881,False,True,False,False,False,True,False,False,True,False,False,False,0.539220851561336,1,Medium Risk
51,45387.59,492,5000.0,3,5.53,0.1101622712287654,True,False,False,False,False,True,False,True,False,False,False,False,0.6334369730830012,0,High Risk
26,49773.87,510,5000.0,9,1.05,0.100454314683588,False,False,False,False,False,False,True,False,False,True,False,False,0.5655299341635478,1,Medium Risk
54,65688.6,612,5000.0,6,8.74,0.0761167082263893,True,False,False,False,False,False,False,False,False,False,False,True,0.09561419726693123,1,Low Risk
59,66493.33,570,5000.0,3,3.65,0.0751955120912127,True,False,False,True,False,False,False,False,True,False,False,False,0.30788110935345087,0,Low Risk
35,16924.66,386,906.56,12,9.34,0.0535644438352085,False,True,False,True,False,False,False,False,True,False,False,False,0.5301252866484735,0,Medium Risk
56,6897.39,325,832.64,3,1.57,0.1207181267116981,False,False,True,False,True,False,False,False,False,False,True,False,0.5457623148926656,1,Medium Risk
39,65739.72,598,5000.0,3,9.19,0.0760575189550548,False,False,False,True,False,False,False,False,False,True,False,False,0.08070887845181524,0,Low Risk
26,52799.34,522,5000.0,3,2.43,0.0946981534238875,False,False,False,False,False,False,True,False,False,False,True,False,0.5320652093642518,0,Medium Risk
47,54446.04,509,5000.0,3,1.6,0.0918340433941568,False,False,False,False,False,False,True,False,True,False,False,False,0.5667950112386809,1,Medium Risk
58,8527.52,300,1014.95,3,8.39,0.119020535865058,False,False,True,False,False,False,True,True,False,False,False,False,0.5694516406046405,0,Medium Risk
43,74187.68,664,5000.0,12,3.62,0.0673966351286359,False,False,False,True,False,False,False,False,False,True,False,False,0.10327226965359276,0,Low Risk
51,49168.69,569,5000.0,3,3.39,0.1016907304221446,False,False,False,False,False,True,False,False,False,False,False,True,0.05477378142814945,0,Low Risk
32,53335.57,534,5000.0,12,9.48,0.0937460685242512,False,False,False,False,False,False,True,False,False,False,False,False,0.5858706697138338,0,Medium Risk
46,46791.78,516,5000.0,9,7.34,0.1068563752009434,False,False,False,False,True,False,False,True,False,False,False,False,0.5908507995538761,1,Medium Risk
30,90672.46,799,5000.0,3,3.91,0.0551435353138097,True,False,False,True,False,False,False,False,False,True,False,False,0.049358697306641955,0,Low Risk
36,12300.99,326,5000.0,6,4.35,0.4064713490540192,False,False,True,True,False,False,False,False,False,False,False,True,0.5980939979600248,0,Medium Risk
49,20417.16,410,5000.0,9,3.52,0.2448920417922963,False,True,False,False,True,False,False,False,False,False,False,False,0.5741057962578041,1,Medium Risk
54,17427.54,405,5000.0,12,8.16,0.2869022248693734,False,True,False,False,False,False,False,False,False,False,False,True,0.5792304947434603,0,Medium Risk
34,9021.54,300,3034.84,3,4.94,0.3363993287177134,False,False,True,True,False,False,False,False,False,False,False,False,0.5748872608847041,0,Medium Risk
33,50992.65,498,4323.26,12,4.15,0.0847820225071652,False,False,False,False,True,False,False,False,False,False,False,True,0.5452566115477783,1,Medium Risk
45,52563.09,558,955.46,9,8.01,0.0181773940611177,True,False,False,False,False,True,False,True,False,False,False,False,0.1329547657203181,0,Low Risk
54,16936.71,445,960.13,12,2.67,0.0566892861718716,False,True,False,True,False,False,False,True,False,False,False,False,0.5189943130456566,1,Medium Risk
53,21933.09,443,4903.46,3,7.37,0.2235644863537239,False,True,False,False,False,False,True,False,False,False,False,True,0.5878876870659284,0,Medium Risk
52,31788.71,437,5000.0,3,6.31,0.1572885467828043,False,False,False,False,False,True,False,False,False,True,False,False,0.5757801299323186,1,Medium Risk
39,19706.38,408,5000.0,3,1.4,0.2537249357822187,False,True,False,True,False,False,False,False,True,False,False,False,0.5580473307741491,1,Medium Risk
18,11134.39,359,5000.0,9,5.51,0.4490591761201107,False,True,False,True,False,False,False,False,False,True,False,False,0.5186206355864502,1,Medium Risk
50,12755.98,350,100.0,6,8.46,0.0078394603942621,False,True,False,False,True,False,False,False,True,False,False,False,0.49060698217793935,0,Medium Risk
47,17000.17,371,5000.0,3,9.49,0.2941147059117644,False,True,False,False,False,True,False,True,False,False,False,False,0.5992192059229694,1,Medium Risk
57,6275.29,300,1609.92,9,4.91,0.2565490997228813,False,False,True,True,False,False,False,True,False,False,False,False,0.6182450373041904,0,High Risk
26,7460.69,329,680.76,6,2.3,0.091246252022266,False,False,True,False,True,False,False,False,False,True,False,False,0.5013301970204274,1,Medium Risk
27,16095.65,300,5000.0,12,4.07,0.3106429376881331,False,False,True,False,False,False,False,True,False,False,False,False,0.7754571130153981,1,High Risk
42,17994.32,357,3474.36,9,2.41,0.1930809277594263,False,True,False,True,False,False,False,False,False,False,True,False,0.5494467507128452,1,Medium Risk
56,97035.26,725,2760.09,6,3.89,0.0284441964704376,True,False,False,False,False,False,True,False,False,False,False,True,0.12561968290423284,0,Low Risk
56,51009.73,522,5000.0,6,6.53,0.0980205149096064,True,False,False,False,True,False,False,False,False,False,False,False,0.6418548473968022,1,High Risk
58,10126.92,300,3166.93,6,8.1,0.3127239081576629,False,True,False,False,False,False,True,True,False,False,False,False,0.6672662518662907,0,High Risk
59,77481.3,687,5000.0,12,2.57,0.0645316999069452,True,False,False,False,False,True,False,True,False,False,False,False,0.08547819901297464,0,Low Risk
28,17612.11,300,2763.05,6,3.94,0.1568835307069965,False,True,False,False,False,True,False,False,False,True,False,False,0.6936754913625132,1,High Risk
30,11267.67,300,2446.02,12,7.26,0.217083034913163,False,False,True,False,False,False,True,False,False,False,False,False,0.6715314306384257,1,High Risk
39,5000.0,300,593.81,3,6.24,0.1187619999999999,False,False,True,False,False,False,False,False,False,False,True,False,0.5490157201235746,1,Medium Risk
48,38287.04,490,5000.0,12,9.64,0.1305924929166632,True,False,False,False,True,False,False,False,False,True,False,False,0.6265523786665196,0,High Risk
26,10909.3,300,1957.45,12,3.03,0.1794294776016793,False,False,True,False,False,False,False,False,False,True,False,False,0.6671014667678798,1,High Risk
49,17647.58,324,174.74,12,2.34,0.0099016409048719,False,True,False,False,False,False,True,False,True,False,False,False,0.5204448063206464,0,Medium Risk
18,35529.14,459,5000.0,9,9.79,0.1407295532624769,True,False,False,False,True,False,False,False,False,False,False,False,0.5510872125073315,1,Medium Risk
58,7535.49,300,2413.88,6,4.75,0.3203348421934074,False,False,True,True,False,False,False,False,True,False,False,False,0.594009256520982,1,Medium Risk
31,17807.39,320,100.0,6,7.35,0.0056156460885059,False,True,False,False,True,False,False,False,True,False,False,False,0.568184764741394,1,Medium Risk
32,9420.85,363,291.92,6,3.67,0.0309865882590212,False,True,False,True,False,False,False,False,False,False,False,True,0.5301260123246656,1,Medium Risk
57,69716.11,616,5000.0,9,3.81,0.0717194347188906,False,False,False,False,False,False,True,False,False,True,False,False,0.04385478768934391,0,Low Risk
28,55356.31,606,5000.0,12,9.41,0.0903239395834007,True,False,False,False,False,False,False,False,True,False,False,False,0.07168573989640058,0,Low Risk
46,80261.12,686,5000.0,6,4.88,0.0622966636897167,False,False,False,False,False,True,False,True,False,False,False,False,0.0766905318790462,0,Low Risk
45,21876.04,372,5000.0,3,1.44,0.2285605621492738,False,True,False,False,False,False,True,True,False,False,False,False,0.6435509215272606,1,High Risk
34,33185.62,512,5000.0,9,1.72,0.1506676687071086,False,False,False,False,False,True,False,False,False,False,False,True,0.552593296338659,0,Medium Risk
39,18862.84,350,5000.0,12,1.95,0.265071431449347,False,False,True,False,True,False,False,False,False,False,True,False,0.5945101137183803,1,Medium Risk
29,57429.76,504,5000.0,9,2.65,0.0870628747186127,False,False,False,False,True,False,False,False,False,False,True,False,0.6110082882326738,1,High Risk
59,15142.48,300,3642.01,6,5.54,0.2405160845515398,False,True,False,True,False,False,False,True,False,False,False,False,0.5738280991235944,1,Medium Risk
55,5000.0,341,2702.97,6,8.37,0.5405939999999999,False,False,True,False,False,True,False,False,False,False,True,False,0.5554405607592766,0,Medium Risk
20,7069.1,300,1389.34,9,6.95,0.1965370414904301,False,False,True,False,False,False,False,False,False,True,False,False,0.6085361451632496,1,High Risk
43,41334.19,412,5000.0,3,4.58,0.1209652348334393,False,False,False,False,True,False,False,True,False,False,False,False,0.6508269054451656,0,High Risk
46,81052.68,708,5000.0,12,7.8,0.061688274835576,False,False,False,False,False,False,True,False,False,False,False,False,0.07290029873016221,0,Low Risk
57,12161.65,337,1656.42,9,2.65,0.1362002688779894,False,False,True,False,False,False,True,False,False,False,False,True,0.49388608703278364,1,Medium Risk
47,16448.76,305,2759.84,12,9.82,0.1677840761248872,False,True,False,False,False,True,False,False,False,True,False,False,0.6304801473585031,1,High Risk
59,59880.28,629,5000.0,6,7.55,0.0834999435540381,True,False,False,True,False,False,False,False,False,True,False,False,0.0629412539690916,0,Low Risk
23,34528.26,492,3879.98,12,5.1,0.1123711417835709,False,False,False,False,False,False,True,False,True,False,False,False,0.5035164576056648,0,Medium Risk
21,38294.68,459,5000.0,12,3.92,0.1305664389936147,False,False,False,True,False,False,False,False,False,False,False,False,0.5952245747534178,1,Medium Risk
22,36926.93,401,5000.0,12,7.64,0.1354025368477693,False,False,False,False,True,False,False,False,False,False,False,True,0.6113509529557791,1,High Risk
25,12403.23,337,2385.61,6,7.75,0.1923378023305219,False,True,False,False,True,False,False,False,False,False,False,True,0.5761157303888624,1,Medium Risk
24,5000.0,300,1110.78,12,7.83,0.222156,False,False,True,True,False,False,False,False,False,True,False,False,0.6266113939458279,1,High Risk
58,20224.5,343,5000.0,3,6.8,0.2472249004919775,False,False,True,False,False,False,False,False,True,False,False,False,0.6024420883707292,0,High Risk
35,12154.92,377,5000.0,9,1.69,0.4113560599329325,False,False,True,False,False,False,False,False,True,False,False,False,0.6281640223019476,0,High Risk
44,43232.53,447,4826.05,12,9.47,0.1116300619001478,False,False,False,False,True,False,False,False,True,False,False,False,0.6387448012193488,0,High Risk
20,8826.24,372,2653.17,6,6.87,0.3006002556014792,False,True,False,True,False,False,False,False,False,False,False,True,0.5191153630465402,0,Medium Risk
19,52847.15,427,5000.0,12,3.81,0.0946124814677801,True,False,False,False,False,False,True,False,False,False,True,False,0.6065575858723935,1,High Risk
43,91130.26,705,5000.0,9,7.93,0.0548665174443702,True,False,False,True,False,False,False,False,False,False,True,False,0.09438866020468147,0,Low Risk
19,5900.22,321,488.71,3,9.11,0.082829114846565,False,False,True,False,False,False,False,True,False,False,False,False,0.5199345701588679,0,Medium Risk
57,19197.62,419,5000.0,9,1.45,0.2604489514846111,False,True,False,False,False,False,False,True,False,False,False,False,0.574367514471427,0,Medium Risk
50,60471.81,640,5000.0,6,8.81,0.0826831543491091,False,False,False,False,False,False,False,False,False,False,True,False,0.0679052658853046,0,Low Risk
40,19552.4,364,4575.39,9,9.62,0.2340065669687608,False,True,False,False,False,True,False,False,False,False,True,False,0.6492743632978053,0,High Risk
58,74913.66,651,5000.0,12,8.74,0.0667435017859226,False,False,False,False,True,False,False,False,False,False,True,False,0.04120394462747289,0,Low Risk
50,72766.67,646,5000.0,6,4.39,0.0687127774295567,True,False,False,False,False,False,True,False,False,False,True,False,0.08560731787513993,0,Low Risk
38,51933.43,570,5000.0,12,9.12,0.0962770993558484,True,False,False,True,False,False,False,False,True,False,False,False,0.0838930129789566,0,Low Risk
46,5412.97,310,1393.69,12,9.93,0.2574723303472955,False,False,True,False,True,False,False,False,True,False,False,False,0.5297636147225991,1,Medium Risk
35,50827.85,541,5000.0,6,4.03,0.0983712669333839,True,False,False,False,False,False,False,False,False,False,False,True,0.5175559861337241,0,Medium Risk
47,10247.9,327,3301.3,9,4.31,0.3221440490246782,False,False,True,False,True,False,False,False,False,False,False,True,0.5683135703252531,0,Medium Risk
54,58923.87,572,5000.0,6,4.05,0.0848552547549914,True,False,False,False,False,False,True,False,False,False,True,False,0.20510563929348932,0,Low Risk
23,5000.0,359,550.66,6,4.66,0.110132,False,True,False,False,True,False,False,False,False,False,False,True,0.5400971227478921,0,Medium Risk
28,79486.38,671,5000.0,9,9.34,0.0629038584975186,True,False,False,True,False,False,False,False,False,False,True,False,0.0925765422896433,0,Low Risk
51,12511.04,340,3075.44,9,7.05,0.2458180934598562,False,False,True,False,True,False,False,False,True,False,False,False,0.5937451581465026,0,Medium Risk
39,52111.6,569,4301.17,9,6.28,0.0825376691561955,False,False,False,False,False,True,False,False,False,False,True,False,0.09034144733174193,0,Low Risk
51,98920.29,754,5000.0,6,2.51,0.0505457474902267,True,False,False,False,False,True,False,False,False,False,True,False,0.12738872850219643,1,Low Risk
23,11466.35,306,2429.87,9,1.03,0.2119131196937124,False,True,False,False,True,False,False,False,False,False,True,False,0.47473820440637354,0,Medium Risk
20,45803.75,558,5000.0,3,6.42,0.1091613677919384,True,False,False,False,False,False,True,False,False,False,False,False,0.1028848507417177,0,Low Risk
25,73074.96,705,5000.0,9,2.52,0.068422890686495,False,False,False,False,False,False,True,False,False,False,False,False,0.055922632995328944,0,Low Risk
19,7042.22,359,1765.73,9,7.89,0.2507348534979026,False,False,True,False,False,False,True,True,False,False,False,False,0.4946935510723848,1,Medium Risk
59,12038.8,320,601.43,3,4.78,0.0499576369737847,False,True,False,True,False,False,False,False,False,False,False,False,0.5150194192462851,1,Medium Risk
23,6759.78,322,2544.55,6,5.27,0.3764249724103448,False,False,True,True,False,False,False,False,False,True,False,False,0.5215001874343398,1,Medium Risk
33,14053.82,372,4585.66,3,3.97,0.3262927801836084,False,False,True,False,False,False,False,False,False,True,False,False,0.5671594919069242,1,Medium Risk
41,16131.14,420,2744.13,3,7.87,0.1701138295247577,False,False,True,True,False,False,False,False,True,False,False,False,0.5375940886251389,0,Medium Risk
19,11457.52,334,2125.5,3,5.77,0.1855113497510805,False,True,False,False,False,False,True,False,False,False,False,True,0.5036039941960606,0,Medium Risk
26,14162.06,381,4661.02,6,2.87,0.3291201986151733,False,True,False,False,False,False,False,True,False,False,False,False,0.5705065388448033,0,Medium Risk
57,46242.64,541,5000.0,6,8.79,0.1081253146446656,False,False,False,True,False,False,False,False,False,False,False,False,0.6160527411670959,0,High Risk
20,14160.78,344,697.14,6,4.41,0.0492303390067496,False,False,True,True,False,False,False,True,False,False,False,False,0.5259140843995042,1,Medium Risk
19,30831.94,450,1809.67,6,9.46,0.05869465236375,False,False,False,False,False,True,False,False,False,False,False,True,0.5179977251324045,1,Medium Risk
40,5000.0,300,1498.7,6,4.49,0.29974,False,False,True,False,False,True,False,False,False,False,False,False,0.6167937557406578,1,High Risk
45,84583.81,746,5000.0,3,4.07,0.059112967363376,True,False,False,False,True,False,False,False,True,False,False,False,0.12554701827990533,0,Low Risk
36,68424.95,667,5000.0,3,1.85,0.0730727607400517,True,False,False,True,False,False,False,False,False,True,False,False,0.057228998560095896,0,Low Risk
30,16085.22,300,5000.0,9,6.31,0.3108443651998543,False,True,False,False,True,False,False,True,False,False,False,False,0.6978427785970974,1,High Risk
42,49338.94,566,5000.0,3,4.6,0.1013398342161384,False,False,False,True,False,False,False,False,False,False,False,False,0.040280151765036146,0,Low Risk
58,14432.39,394,5000.0,9,1.77,0.3464429661338143,False,True,False,False,False,True,False,True,False,False,False,False,0.5562299821722435,0,Medium Risk
51,8880.16,300,3847.4,9,3.21,0.4332579593160484,False,False,True,False,False,True,False,False,False,True,False,False,0.6456936414954808,1,High Risk
36,27187.31,377,5000.0,9,6.33,0.1839093312284297,True,False,False,False,False,False,True,False,True,False,False,False,0.5834700091281307,0,Medium Risk
55,75151.36,673,5000.0,3,3.22,0.0665323954217195,True,False,False,False,False,False,True,True,False,False,False,False,0.08533225468295697,0,Low Risk
37,63339.19,569,5000.0,6,5.03,0.0789400685420827,True,False,False,False,False,False,True,True,False,False,False,False,0.11938967761941834,0,Low Risk
49,19327.43,322,5000.0,9,2.73,0.2586996822650502,False,True,False,True,False,False,False,True,False,False,False,False,0.6095503444462971,0,High Risk
32,15801.34,358,5000.0,12,7.36,0.3164288598308751,False,True,False,False,False,True,False,True,False,False,False,False,0.5986601873066892,0,Medium Risk
39,5920.74,318,2762.19,3,8.0,0.466527832669565,False,False,True,False,False,True,False,True,False,False,False,False,0.5465610963914197,0,Medium Risk
45,101112.56,734,5000.0,12,7.32,0.0494498408506322,True,False,False,True,False,False,False,True,False,False,False,False,0.14325325990636542,0,Low Risk
25,6159.25,300,3290.19,9,4.14,0.5341867922230791,False,False,True,False,True,False,False,False,False,True,False,False,0.6263915854720911,0,High Risk
46,64541.63,597,5000.0,6,9.32,0.0774693790658835,True,False,False,False,False,False,False,False,False,True,False,False,0.10673916475249934,1,Low Risk
50,24997.1,451,4961.0,12,9.97,0.1984630217105184,False,True,False,False,False,True,False,True,False,False,False,False,0.4669754361983754,0,Medium Risk
56,8527.65,375,3499.97,3,6.01,0.4104260845602246,False,False,True,False,False,False,False,False,False,False,False,False,0.521016793375932,1,Medium Risk
57,98798.19,768,5000.0,9,5.29,0.0506082145836882,False,False,False,False,False,False,True,False,False,True,False,False,0.06120644595991455,0,Low Risk
26,47620.38,533,5000.0,3,4.67,0.1049970621822001,False,False,False,False,False,True,False,False,False,False,True,False,0.49611587612184566,1,Medium Risk
52,94841.49,756,5000.0,9,9.69,0.0527195428920401,True,False,False,True,False,False,False,True,False,False,False,False,0.08385730220385999,0,Low Risk
28,7049.83,300,3438.09,12,7.75,0.487684100183976,False,False,True,False,False,True,False,True,False,False,False,False,0.6223812075643976,0,High Risk
55,59810.39,592,5000.0,9,3.68,0.0835975154149638,False,False,False,False,False,True,False,False,True,False,False,False,0.060056640976088704,0,Low Risk
42,12429.75,326,5000.0,6,3.13,0.4022607051630161,False,False,True,False,False,False,False,True,False,False,False,False,0.6123137222636273,1,High Risk
48,61498.84,621,5000.0,9,4.94,0.0813023465158042,False,False,False,False,True,False,False,False,False,True,False,False,0.06345788774129325,0,Low Risk
53,16954.59,374,5000.0,3,4.96,0.2949053914013845,False,False,True,False,False,True,False,False,False,False,False,True,0.6025026068985423,0,High Risk
59,75780.1,680,5000.0,12,3.4,0.0659803827126118,False,False,False,False,False,False,True,False,False,True,False,False,0.05378268989810835,0,Low Risk
55,58505.29,555,1324.78,12,6.18,0.022643764350198,False,False,False,False,False,False,True,True,False,False,False,False,0.12784480697101525,0,Low Risk
36,58622.46,548,5000.0,9,2.43,0.0852915418424951,False,False,False,False,True,False,False,False,True,False,False,False,0.4521970336975091,0,Medium Risk
32,12049.7,358,100.0,12,3.02,0.0082989617998788,False,True,False,False,False,False,True,True,False,False,False,False,0.4348342535037707,0,Medium Risk
29,93173.71,720,5000.0,6,6.62,0.0536632060696091,True,False,False,False,False,False,False,False,False,False,False,False,0.09216974349665988,0,Low Risk
18,44701.31,533,5000.0,12,4.71,0.1118535452316722,False,False,False,True,False,False,False,False,False,False,True,False,0.640529689067807,0,High Risk
31,9051.33,302,4470.76,6,1.37,0.4939340406327026,False,False,True,True,False,False,False,False,False,False,False,False,0.6443642784124027,1,High Risk
33,55509.2,500,5000.0,9,7.04,0.0900751587124296,True,False,False,False,False,True,False,False,False,False,False,False,0.6140894285281381,1,High Risk
22,45333.08,477,5000.0,3,3.78,0.1102947339999841,False,False,False,False,False,False,True,False,False,False,True,False,0.6101347691670309,0,High Risk
19,5614.31,300,3000.89,9,4.37,0.5345073570928573,False,True,False,False,False,False,False,False,False,False,False,False,0.5981704891296222,1,Medium Risk
39,64687.21,592,5000.0,9,4.44,0.0772950325110636,False,False,False,False,False,False,False,True,False,False,False,False,0.06436936942177054,1,Low Risk
33,21078.27,404,100.0,6,6.36,0.0047442223673954,False,True,False,True,False,False,False,True,False,False,False,False,0.4671028788307205,1,Medium Risk
41,77965.88,727,5000.0,3,2.48,0.0641306171366243,True,False,False,False,False,False,True,False,False,False,False,True,0.10619513629421866,0,Low Risk
56,11175.94,311,3351.09,12,2.61,0.2998486033389585,False,False,True,False,False,True,False,False,False,False,False,True,0.5607423470651132,0,Medium Risk
31,49969.67,523,5000.0,3,6.93,0.1000606968186902,True,False,False,False,False,False,False,False,False,True,False,False,0.5182133574737089,1,Medium Risk
49,16835.56,381,5000.0,9,7.27,0.2969904179011568,False,False,True,False,False,False,True,False,False,False,False,True,0.6028374762673693,1,High Risk
56,63576.98,594,5000.0,12,8.45,0.0786448176682818,False,False,False,False,True,False,False,False,False,True,False,False,0.08266674959899867,0,Low Risk
39,57248.04,591,5000.0,3,8.55,0.0873392346707415,True,False,False,False,False,False,False,False,False,False,False,False,0.060511701828194105,0,Low Risk
59,9490.18,379,3294.45,9,6.59,0.3471430468125999,False,True,False,True,False,False,False,False,False,False,True,False,0.5839435757887795,0,Medium Risk
32,66469.71,629,5000.0,6,5.41,0.0752222328034829,False,False,False,False,False,False,False,False,False,False,False,True,0.0848067002573769,0,Low Risk
24,37788.43,428,5000.0,6,5.77,0.1323156320598659,True,False,False,False,True,False,False,False,False,False,True,False,0.6171599141568962,0,High Risk
39,10164.88,338,3552.08,3,1.5,0.3494463289286248,False,True,False,True,False,False,False,True,False,False,False,False,0.5255999121938714,1,Medium Risk
41,76844.29,614,100.0,6,8.34,0.0013013328641594,True,False,False,False,False,False,True,False,False,False,False,False,0.16817519723140045,1,Low Risk
41,7042.5,303,2860.5,9,1.89,0.4061767838125665,False,False,True,True,False,False,False,False,False,False,False,True,0.5316559203515642,0,Medium Risk
27,5000.0,327,335.01,12,6.88,0.0670019999999999,False,False,True,True,False,False,False,False,False,False,False,False,0.4900898093502288,1,Medium Risk
27,29641.24,333,5000.0,12,6.47,0.1686839012133095,True,False,False,False,True,False,False,False,False,True,False,False,0.6014481863616822,0,High Risk
39,25273.41,430,5000.0,3,9.98,0.1978363821898192,False,True,False,False,True,False,False,False,True,False,False,False,0.4928498925963879,1,Medium Risk
34,13235.95,314,5000.0,3,7.26,0.3777590577178064,False,False,True,False,False,False,False,False,False,True,False,False,0.6046055075608223,1,High Risk
43,114187.91,822,5000.0,3,6.03,0.0437874727718547,True,False,False,False,False,False,False,True,False,False,False,False,0.07123446554633202,0,Low Risk
46,16532.11,357,3400.04,6,3.05,0.2056627980336448,False,True,False,True,False,False,False,False,False,False,False,True,0.5524635965777308,1,Medium Risk
35,83720.04,699,100.0,12,2.89,0.0011944571455054,False,False,False,False,True,False,False,False,True,False,False,False,0.09794808834695648,0,Low Risk
21,46978.31,471,5000.0,3,7.93,0.1064320960034535,False,False,False,True,False,False,False,False,False,False,True,False,0.597142191559158,1,Medium Risk
21,13911.84,393,4488.54,3,7.27,0.3226417210088673,False,True,False,False,False,False,False,False,True,False,False,False,0.5634423656375769,1,Medium Risk
47,89824.38,791,5000.0,6,4.85,0.0556641749155407,True,False,False,False,True,False,False,False,False,True,False,False,0.08499568284576614,0,Low Risk
54,75485.99,653,5000.0,3,5.75,0.0662374567784035,True,False,False,False,False,False,True,False,False,False,False,False,0.08482399711318418,0,Low Risk
21,8720.63,300,1827.41,6,4.76,0.2095502274491636,False,False,True,False,False,True,False,True,False,False,False,False,0.6084959684950781,0,High Risk
43,24276.26,412,4535.31,3,6.3,0.1868207870569849,False,True,False,False,True,False,False,True,False,False,False,False,0.5200277882675423,0,Medium Risk
37,29172.37,455,5000.0,3,4.6,0.1713950563495526,False,False,False,True,False,False,False,False,False,False,True,False,0.5851736131163481,0,Medium Risk
51,18610.58,348,5000.0,6,4.43,0.2686643833776271,False,True,False,True,False,False,False,False,False,True,False,False,0.5894640368560526,0,Medium Risk
30,44278.44,537,5000.0,6,2.54,0.11292177411851,False,False,False,False,False,True,False,False,False,False,False,False,0.6107757053102929,0,High Risk
58,102379.42,795,5000.0,6,7.31,0.0488379402813573,True,False,False,False,True,False,False,False,False,False,True,False,0.09351821263340797,0,Low Risk
21,27288.11,407,1601.86,3,4.83,0.058701756919039,True,False,False,False,False,False,True,False,False,False,False,True,0.5471034440528919,0,Medium Risk
26,73623.27,661,5000.0,6,1.79,0.067913310560642,True,False,False,True,False,False,False,False,False,True,False,False,0.07159738347795491,0,Low Risk
59,13257.38,321,3230.76,6,2.67,0.2436952097624116,False,False,True,False,True,False,False,False,False,False,True,False,0.5963186698456475,1,Medium Risk
26,50494.73,524,5000.0,9,6.02,0.0990202343888164,False,False,False,False,False,False,False,False,False,False,False,False,0.5783573883986525,0,Medium Risk
54,10706.67,300,3070.26,6,5.78,0.2867614300244614,False,True,False,False,False,False,True,False,False,False,False,False,0.6569820669214252,1,High Risk
47,8422.11,302,3268.01,6,3.26,0.3880274658013253,False,False,True,False,True,False,False,False,False,False,True,False,0.627731230806868,1,High Risk
35,6915.56,300,1797.88,3,6.29,0.2599760539999653,False,False,True,False,False,True,False,False,True,False,False,False,0.6174385860811299,1,High Risk
45,13882.08,385,5000.0,3,6.45,0.3601765729631294,False,True,False,False,True,False,False,False,True,False,False,False,0.5476701639063494,0,Medium Risk
54,95865.66,775,5000.0,3,6.1,0.0521563195830498,True,False,False,False,False,True,False,False,False,False,False,False,0.0917368638840274,0,Low Risk
51,49493.28,564,5000.0,3,9.89,0.1010238157584221,True,False,False,False,False,False,True,False,False,False,True,False,0.10313163258890562,0,Low Risk
40,67464.46,669,5000.0,6,3.36,0.0741130959915783,True,False,False,False,False,True,False,True,False,False,False,False,0.0700604152926361,0,Low Risk
45,14015.29,334,5000.0,3,1.06,0.3567532316491488,False,True,False,True,False,False,False,False,False,False,True,False,0.5629451867846914,1,Medium Risk
18,14695.47,351,3191.82,3,6.87,0.2171975445494428,False,True,False,False,False,False,False,True,False,False,False,False,0.5538610754316278,0,Medium Risk
36,20393.53,361,5000.0,6,2.92,0.2451757984027287,False,True,False,False,True,False,False,False,False,True,False,False,0.5903021215612531,0,Medium Risk
34,7828.07,300,3550.7,3,7.09,0.4535856219987813,False,False,True,False,False,True,False,False,False,True,False,False,0.5972396877053936,0,Medium Risk
23,6849.6,300,465.95,6,9.24,0.0680258701238028,False,True,False,True,False,False,False,False,False,False,False,True,0.5366181789372685,1,Medium Risk
30,44489.88,478,5000.0,9,6.5,0.1123851087033725,False,False,False,True,False,False,False,False,False,False,False,False,0.6935804900579801,0,High Risk
18,43437.78,473,5000.0,12,3.14,0.1151071716832674,False,False,False,False,False,False,False,False,False,False,False,True,0.6482331628294395,0,High Risk
36,10573.09,300,2734.39,12,5.93,0.2586178685701152,False,False,True,False,True,False,False,False,False,False,False,True,0.6744370301188242,1,High Risk
20,10934.63,320,1092.3,12,5.98,0.0998936406627384,False,False,True,False,False,False,False,False,False,True,False,False,0.6683603950333115,1,High Risk
30,63456.89,547,5000.0,9,6.43,0.0787936503033791,False,False,False,False,False,False,True,False,False,False,False,False,0.5542225732282465,1,Medium Risk
23,5000.0,300,992.63,9,9.07,0.198526,False,True,False,False,True,False,False,False,True,False,False,False,0.5931879674809832,1,Medium Risk
39,65102.62,553,5000.0,12,2.6,0.0768018245655858,False,False,False,False,False,False,True,False,False,False,False,True,0.2364506363087251,0,Low Risk
47,16901.46,371,5000.0,6,8.95,0.2958324310444186,False,False,True,False,False,False,True,False,True,False,False,False,0.5956888463078563,1,Medium Risk
56,94519.38,762,5000.0,12,5.19,0.0528992043748065,False,False,False,False,False,True,False,False,False,True,False,False,0.07723942060090094,0,Low Risk
23,11789.84,300,2056.93,12,8.38,0.1744663201536238,False,True,False,False,False,True,False,False,False,False,False,False,0.6537721250455999,1,High Risk
49,15580.92,399,3541.46,12,1.17,0.227294665526811,False,False,True,False,False,True,False,False,True,False,False,False,0.510369337388575,1,Medium Risk
35,13898.84,300,3538.52,12,6.64,0.2545910306183825,False,True,False,False,False,False,True,False,False,False,False,True,0.6962390356045721,1,High Risk
28,16484.17,373,4188.1,12,7.5,0.2540679937176091,False,True,False,False,False,False,False,False,True,False,False,False,0.5770696040740649,1,Medium Risk
24,7125.21,304,1968.9,9,2.55,0.2763286976804894,False,False,True,False,False,False,True,False,False,False,False,True,0.5812290347319027,1,Medium Risk
47,92284.67,706,5000.0,12,1.42,0.0541801796549741,True,False,False,False,False,False,True,False,False,True,False,False,0.11238468007833079,0,Low Risk
33,46513.48,543,2488.68,9,2.6,0.05350448945123,False,False,False,True,False,False,False,False,False,False,False,False,0.43546691639080315,0,Medium Risk
56,37931.77,403,5000.0,9,9.09,0.1318156257933653,True,False,False,False,False,True,False,False,True,False,False,False,0.6336246383580284,1,High Risk
59,20705.6,376,4641.86,6,1.73,0.224183795688123,False,False,True,False,False,True,False,False,False,True,False,False,0.5026094293762788,1,Medium Risk
31,19910.73,374,5000.0,12,2.18,0.2511208780391276,False,True,False,False,True,False,False,False,False,False,False,True,0.6118958161385831,1,High Risk
54,18872.72,430,5000.0,12,5.4,0.2649326647139363,False,True,False,False,False,False,False,False,False,False,True,False,0.5676213605142366,0,Medium Risk
35,56830.17,484,5000.0,12,1.69,0.0879814366207245,True,False,False,False,True,False,False,False,False,False,True,False,0.6416934266503864,1,High Risk
21,43642.58,430,5000.0,6,8.38,0.114567012307705,False,False,False,False,False,False,True,False,True,False,False,False,0.6536187729029157,1,High Risk
25,16056.98,326,4460.52,6,6.21,0.2777932089346814,False,True,False,False,False,True,False,False,False,True,False,False,0.5938109728170666,0,Medium Risk
33,18672.32,397,2438.21,9,7.41,0.1305788461208891,False,True,False,False,True,False,False,False,False,False,True,False,0.5635834535182738,1,Medium Risk
46,12420.89,300,5000.0,9,5.41,0.4025476435263496,False,False,True,False,True,False,False,False,False,False,False,False,0.6909217127743643,0,High Risk
22,57263.76,619,5000.0,3,2.25,0.0873152583763273,False,False,False,True,False,False,False,False,False,True,False,False,0.12144912192594169,0,Low Risk
31,56765.05,482,5000.0,9,7.98,0.0880823675835747,True,False,False,True,False,False,False,False,False,False,True,False,0.6892874518730892,1,High Risk
29,13812.04,334,4675.62,3,9.68,0.3385176990509729,False,False,True,False,False,False,True,False,False,False,False,False,0.5974057572146116,0,Medium Risk
57,41925.01,478,5000.0,12,5.86,0.1192605559306962,True,False,False,False,False,True,False,False,False,False,True,False,0.5902404951016739,0,Medium Risk
36,70689.51,661,5000.0,12,1.29,0.070731852576146,True,False,False,False,False,False,True,False,False,True,False,False,0.05919725064966199,0,Low Risk
22,12422.08,300,814.69,6,3.1,0.0655840245755944,False,True,False,False,False,False,False,False,False,False,True,False,0.6670557804715592,1,High Risk
49,5000.0,394,1989.26,12,8.78,0.397852,False,False,True,False,True,False,False,False,False,True,False,False,0.46783607582901654,0,Medium Risk
51,32424.03,432,2038.16,6,8.61,0.0628595520051023,False,True,False,False,False,False,True,False,False,False,True,False,0.5123321033940623,0,Medium Risk
58,19229.42,333,5000.0,9,3.55,0.2600182428799205,False,True,False,False,True,False,False,False,True,False,False,False,0.6292694054015461,1,High Risk
59,13631.89,300,5000.0,3,8.38,0.3667869972542325,False,True,False,False,False,False,False,False,False,False,False,False,0.6375926925878701,1,High Risk
19,12689.18,373,5000.0,3,9.28,0.3940364940839361,False,True,False,True,False,False,False,False,False,True,False,False,0.5264185959937457,1,Medium Risk
51,98554.14,729,5000.0,12,4.03,0.0507335359021954,True,False,False,False,False,True,False,False,True,False,False,False,0.19563494943563975,0,Low Risk
31,13395.52,300,4855.4,6,4.46,0.3624644657318267,False,True,False,False,False,False,False,False,False,False,False,False,0.710054923541207,0,High Risk
44,30829.45,350,2938.99,12,6.82,0.0953306010973273,False,True,False,True,False,False,False,False,False,True,False,False,0.6040961101102801,1,High Risk
32,67879.32,571,5000.0,9,8.75,0.0736601368428558,False,False,False,False,False,True,False,False,False,False,False,False,0.16824118131139276,1,Low Risk
35,74515.75,637,5000.0,9,8.5,0.067099908408625,False,False,False,False,True,False,False,False,True,False,False,False,0.05407431040719251,0,Low Risk
53,33504.58,488,5000.0,12,2.54,0.1492333286971512,True,False,False,True,False,False,False,True,False,False,False,False,0.5644093165067331,1,Medium Risk
57,92079.7,694,5000.0,6,7.58,0.0543007850807507,False,False,False,False,False,False,True,False,False,False,False,True,0.15043981117321148,1,Low Risk
36,17816.02,342,5000.0,6,3.14,0.2806462947392291,False,True,False,False,False,True,False,True,False,False,False,False,0.5994403795411799,0,Medium Risk
44,5000.0,319,1230.44,12,9.33,0.246088,False,False,True,False,False,False,True,False,False,False,False,False,0.5565201776944309,1,Medium Risk
28,16509.59,341,4466.2,9,4.75,0.2705215574705368,False,True,False,True,False,False,False,False,False,False,False,True,0.6043032695746867,0,High Risk
37,71673.83,697,5000.0,9,6.35,0.0697604690582322,True,False,False,False,True,False,False,False,True,False,False,False,0.11358215646804601,0,Low Risk
40,24636.54,420,5000.0,3,8.32,0.2029505766637685,False,True,False,False,False,True,False,False,False,False,False,True,0.5683797415763142,0,Medium Risk
22,37975.1,462,5000.0,6,2.53,0.1316652227380573,True,False,False,False,True,False,False,False,False,False,False,False,0.5729035278526762,1,Medium Risk
49,32317.27,457,4267.41,6,1.83,0.1320473542474348,False,False,False,False,False,False,True,False,False,False,False,True,0.5092107239389808,0,Medium Risk
34,10380.48,368,1661.35,3,1.61,0.1600455855605906,False,False,True,False,True,False,False,False,False,True,False,False,0.5454190922911427,0,Medium Risk
45,22891.7,300,5000.0,12,2.37,0.2184197766002525,False,True,False,False,True,False,False,False,False,False,False,False,0.7530737908049361,1,High Risk
50,18483.0,412,2309.48,3,2.87,0.1249515771249256,False,False,True,True,False,False,False,True,False,False,False,False,0.5249167912814995,0,Medium Risk
32,12757.03,339,5000.0,12,1.06,0.3919407573706419,False,False,True,False,False,True,False,False,True,False,False,False,0.5716965833052198,0,Medium Risk
54,18160.12,419,100.0,12,2.13,0.0055065715424787,False,True,False,False,False,True,False,False,False,False,False,True,0.47797958765504867,0,Medium Risk
27,16491.55,372,3251.51,3,5.1,0.1971621830573839,False,True,False,True,False,False,False,False,False,False,False,True,0.5640898632192862,0,Medium Risk
19,17666.79,300,5000.0,12,4.61,0.2830168921462246,False,True,False,True,False,False,False,False,True,False,False,False,0.64473311729453,0,High Risk
44,58960.7,578,5000.0,3,6.09,0.0848022496340783,False,False,False,False,False,False,False,False,False,True,False,False,0.14063575044402732,0,Low Risk
33,51818.82,527,5000.0,3,5.71,0.0964900397191599,False,False,False,False,True,False,False,False,True,False,False,False,0.622646683323812,1,High Risk
24,27173.26,353,5000.0,3,5.98,0.1840044219942694,False,False,False,False,False,False,True,False,False,False,False,False,0.6093983987869463,1,High Risk
28,75804.61,669,5000.0,6,3.66,0.0659590491923908,True,False,False,False,False,True,False,False,False,True,False,False,0.05352282894383263,0,Low Risk
38,30385.36,416,5000.0,6,3.71,0.164552929437071,False,False,False,False,False,False,True,True,False,False,False,False,0.5615423733689617,1,Medium Risk
48,71585.63,606,5000.0,3,8.31,0.0698464202941288,False,False,False,True,False,False,False,False,False,False,False,False,0.07084792161980032,0,Low Risk
27,79311.89,694,1510.43,3,5.86,0.0190441811435838,True,False,False,False,False,False,True,False,True,False,False,False,0.05515063657173101,0,Low Risk
46,7279.37,355,154.54,12,5.31,0.0212298591773738,False,False,True,False,True,False,False,True,False,False,False,False,0.547492403117654,1,Medium Risk
48,56054.81,541,5000.0,6,8.24,0.0891984113406146,False,False,False,False,False,False,True,False,False,False,False,False,0.5801550806798419,1,Medium Risk
46,27181.56,418,5000.0,6,2.9,0.1839482354949458,True,False,False,True,False,False,False,False,False,False,False,False,0.5855598415615634,0,Medium Risk
33,66227.0,640,5000.0,9,5.62,0.0754979087079287,False,False,False,False,False,False,True,False,False,True,False,False,0.09270765251835268,0,Low Risk
26,28127.37,415,4065.37,12,8.52,0.1445343094644113,False,False,False,False,True,False,False,False,True,False,False,False,0.5326820421897183,0,Medium Risk
27,31111.99,422,5000.0,6,7.38,0.1607097456639707,False,False,False,False,False,True,False,False,False,False,False,True,0.6177281279516095,0,High Risk
52,14158.96,349,5000.0,12,2.47,0.3531332809754389,False,False,True,False,False,False,False,False,False,False,False,False,0.5587964331519898,1,Medium Risk
50,13114.82,370,1540.62,3,1.16,0.1174716847047843,False,False,True,False,False,False,True,False,False,True,False,False,0.49462409782119965,0,Medium Risk
49,8829.4,322,2593.89,9,5.88,0.2937787392121775,False,False,True,False,True,False,False,False,False,False,False,True,0.5536552966645302,0,Medium Risk
55,19270.64,375,5000.0,6,3.91,0.2594620624950702,False,True,False,False,False,True,False,False,False,False,False,True,0.6369160900415914,0,High Risk
57,27021.37,329,5000.0,12,9.73,0.1850387304566718,False,True,False,False,True,False,False,False,False,False,False,True,0.6811377793862293,1,High Risk
26,10354.5,327,3576.23,12,2.9,0.3453793036843884,False,True,False,False,False,False,True,False,False,False,False,False,0.5215725161340613,0,Medium Risk
20,35280.83,404,5000.0,6,1.86,0.1417200218929089,False,False,False,False,False,False,True,False,False,False,True,False,0.5648494419398751,1,Medium Risk
56,14423.59,401,5000.0,9,7.14,0.3466543350164556,False,False,True,False,False,False,True,False,False,False,False,False,0.5285420943538129,0,Medium Risk
24,14134.29,340,5000.0,9,5.12,0.3537496400597412,False,False,False,False,True,False,False,False,True,False,False,False,0.585866555814114,0,Medium Risk
27,5000.0,300,2968.54,9,4.76,0.593708,False,True,False,True,False,False,False,False,False,True,False,False,0.5522224384646038,0,Medium Risk
39,17531.91,370,3282.93,9,1.93,0.1872545546948393,False,True,False,False,False,True,False,False,False,False,False,True,0.5164928945532276,0,Medium Risk
53,9694.89,365,3919.03,3,9.47,0.4042366648822215,False,False,True,False,False,False,False,True,False,False,False,False,0.5344406917920986,0,Medium Risk
42,13818.84,300,2783.48,3,3.11,0.2014264583713249,False,False,True,False,True,False,False,False,False,False,False,True,0.7089933752377157,0,High Risk
41,32351.79,501,5000.0,6,2.79,0.1545509537493906,False,False,False,False,False,False,False,True,False,False,False,False,0.5379799404303639,0,Medium Risk
54,62401.55,548,5000.0,9,4.75,0.0801262148135743,True,False,False,False,False,True,False,True,False,False,False,False,0.47925740987287013,0,Medium Risk
54,48474.53,573,100.0,6,9.8,0.0020629390321061,False,False,False,True,False,False,False,False,False,False,False,False,0.19913889826407769,0,Low Risk
56,86577.73,717,5000.0,9,4.72,0.05775157191116,False,False,False,False,False,True,False,False,False,True,False,False,0.05650183888958064,0,Low Risk
29,54368.14,593,5000.0,6,1.46,0.0919656254563794,True,False,False,False,False,True,False,False,False,True,False,False,0.028977898050593844,0,Low Risk
23,49400.92,542,5000.0,6,4.73,0.1012126899660978,True,False,False,False,False,True,False,False,False,False,False,False,0.5116915732179641,1,Medium Risk
43,81121.96,730,5000.0,9,6.42,0.061635591644975,False,False,False,False,False,False,False,True,False,False,False,False,0.06515950851152906,0,Low Risk
50,53237.24,556,5000.0,6,3.24,0.0939192189527481,False,False,False,False,False,False,True,True,False,False,False,False,0.03979622614683726,0,Low Risk
28,64281.29,651,5000.0,6,6.81,0.0777831309857036,True,False,False,False,False,False,False,True,False,False,False,False,0.05347015598643126,0,Low Risk
44,39545.29,474,5000.0,6,7.46,0.1264373077046596,False,False,False,False,False,True,False,False,False,False,False,True,0.5797663897392817,0,Medium Risk
36,14572.59,329,3692.56,9,1.22,0.2533907836561654,False,False,True,False,False,False,False,True,False,False,False,False,0.6433315213644378,1,High Risk
25,10189.38,358,2588.51,12,9.68,0.2540399906569389,False,False,True,True,False,False,False,False,False,False,True,False,0.583033202775936,1,Medium Risk
39,66907.59,642,5000.0,6,9.84,0.0747299372163905,True,False,False,False,False,False,True,False,False,False,True,False,0.12090784545465035,0,Low Risk
18,22080.57,300,3372.32,6,3.54,0.1527279413529632,True,False,False,False,False,False,False,False,False,False,False,False,0.629092402340795,1,High Risk
27,71807.62,594,5000.0,12,2.48,0.0696304932540585,False,False,False,False,False,True,False,False,False,False,True,False,0.07868187008516887,0,Low Risk
56,54340.29,604,5000.0,3,4.4,0.0920127588571941,False,False,False,False,True,False,False,False,False,False,False,False,0.058993961442400315,0,Low Risk
34,60965.5,520,5000.0,12,5.7,0.0820135978545242,False,False,False,True,False,False,False,False,False,False,True,False,0.6283037451830651,0,High Risk
58,68762.33,638,261.67,3,1.37,0.0038054266049448,False,False,False,False,True,False,False,False,False,False,False,True,0.08571167713246876,0,Low Risk
56,56894.71,571,5000.0,6,7.94,0.0878816325806037,False,False,False,True,False,False,False,False,False,False,True,False,0.11881300190738464,0,Low Risk
33,98706.76,711,5000.0,6,6.15,0.0506550919106249,True,False,False,False,False,True,False,False,True,False,False,False,0.14880538821870024,0,Low Risk
27,7346.61,320,3776.22,3,3.22,0.5140085018804591,False,False,True,False,False,False,True,False,False,False,False,True,0.5194941648240521,0,Medium Risk
22,47623.34,547,5000.0,9,8.02,0.1049905361530711,False,False,False,True,False,False,False,False,False,True,False,False,0.502804896825976,0,Medium Risk
53,13607.97,352,2070.85,3,4.93,0.1521792008653752,False,True,False,False,False,False,False,True,False,False,False,False,0.5431986281036428,0,Medium Risk
30,80112.59,656,5000.0,9,4.79,0.0624121626825446,True,False,False,False,False,False,False,False,False,False,True,False,0.06632703749671283,0,Low Risk
44,55650.84,563,5000.0,9,9.91,0.0898459034939993,False,False,False,False,False,True,False,False,False,False,False,True,0.10982716372788168,0,Low Risk
55,6993.03,300,1628.89,6,1.78,0.2329305036586429,False,False,True,False,False,False,False,False,False,False,False,False,0.6622022590363054,1,High Risk
24,11667.92,301,4012.82,6,7.81,0.3439190532674204,False,False,True,True,False,False,False,False,False,False,True,False,0.6302465942413021,1,High Risk
18,41582.86,479,5000.0,3,3.87,0.1202418496467054,True,False,False,False,False,False,True,False,False,True,False,False,0.5581629200955995,1,Medium Risk
24,60912.95,584,5000.0,9,3.52,0.0820843515213103,True,False,False,False,True,False,False,False,False,False,False,True,0.07380059532737072,0,Low Risk
44,21829.24,419,5000.0,9,9.82,0.2290505761996294,False,True,False,False,False,False,True,False,True,False,False,False,0.6145660451545902,1,High Risk
49,41584.34,524,5000.0,6,2.14,0.1202375702007053,False,False,False,False,True,False,False,False,False,False,False,False,0.6016930818214841,1,High Risk
39,50272.83,427,5000.0,12,8.62,0.0994573012897821,True,False,False,False,True,False,False,False,False,False,True,False,0.6717512430815269,1,High Risk
18,31324.48,382,5000.0,3,5.61,0.1596195691037808,False,False,False,False,False,True,False,False,False,False,False,True,0.6528882478656172,1,High Risk
33,58216.8,562,5000.0,9,5.59,0.0858858611259979,False,False,False,False,True,False,False,False,True,False,False,False,0.1346265058350444,0,Low Risk
27,47709.63,553,5000.0,12,4.81,0.1048006450689305,True,False,False,False,False,False,False,True,False,False,False,False,0.12443396967126999,0,Low Risk
53,57839.05,526,5000.0,3,1.16,0.0864467863839395,True,False,False,False,False,False,True,False,False,False,False,False,0.5330031699563815,0,Medium Risk
59,8462.81,348,1068.01,3,1.08,0.1262003991581992,False,False,True,False,True,False,False,False,False,False,False,False,0.503848486424062,1,Medium Risk
54,94770.21,717,5000.0,6,6.91,0.0527591951099401,True,False,False,False,False,False,True,False,False,False,False,False,0.1405439777940107,0,Low Risk
55,12326.02,321,1866.8,3,6.76,0.151451969086534,False,False,True,False,False,True,False,False,True,False,False,False,0.5524450607163295,1,Medium Risk
45,57229.5,606,5000.0,9,5.18,0.0873675289841777,False,False,False,True,False,False,False,False,True,False,False,False,0.06626379234820924,0,Low Risk
20,53043.61,536,5000.0,3,6.61,0.0942620609720944,True,False,False,False,False,True,False,False,False,False,False,True,0.5892446974117093,1,Medium Risk
59,66294.36,584,5000.0,6,9.82,0.0754211972179835,True,False,False,True,False,False,False,False,False,True,False,False,0.23491341546398098,1,Low Risk
26,7595.25,341,1171.04,3,7.17,0.1541805733846812,False,True,False,False,False,False,False,True,False,False,False,False,0.5565351912718492,0,Medium Risk
20,14966.17,308,5000.0,3,1.1,0.3340868104531754,False,True,False,False,True,False,False,True,False,False,False,False,0.5400295542312289,1,Medium Risk
33,6722.05,300,3441.42,6,4.93,0.5119598931873461,False,False,True,True,False,False,False,False,False,True,False,False,0.6164367116081209,0,High Risk
42,12102.93,412,3338.57,12,5.93,0.2758480797625038,False,False,True,False,False,True,False,False,True,False,False,False,0.5644293714765759,1,Medium Risk
30,9570.8,300,3163.6,6,8.65,0.3305470807038074,False,True,False,False,True,False,False,False,False,False,True,False,0.6318282608862249,1,High Risk
27,36745.1,382,5000.0,12,3.81,0.1360725647773444,False,False,False,False,False,False,False,False,False,True,False,False,0.632368703621881,1,High Risk
23,48047.88,495,5000.0,6,8.81,0.1040628639598667,False,False,False,True,False,False,False,False,True,False,False,False,0.5656743014225045,0,Medium Risk
50,13662.06,300,4286.1,9,9.36,0.3137228207166416,False,False,True,False,False,True,False,False,False,False,True,False,0.6640208482169758,1,High Risk
26,60473.35,545,5000.0,3,2.48,0.0826810487594948,False,False,False,False,False,False,False,False,False,False,True,False,0.5604971607841653,1,Medium Risk
55,62434.13,539,5000.0,3,7.05,0.0800844025535392,False,False,False,False,False,False,False,False,False,True,False,False,0.6783287887157925,1,High Risk
34,53398.49,578,5000.0,6,3.9,0.093635606549923,True,False,False,False,False,True,False,False,False,True,False,False,0.045271054579538623,0,Low Risk
59,5000.0,314,1566.13,3,3.36,0.313226,False,False,False,False,False,True,False,False,False,True,False,False,0.4867035242508643,0,Medium Risk
48,6819.17,300,1341.75,9,1.54,0.1967614827024403,False,False,True,False,False,True,False,False,False,True,False,False,0.6352396882448338,1,High Risk
50,81759.63,664,5000.0,6,4.03,0.0611548755785709,True,False,False,False,False,False,True,False,False,False,False,False,0.10634269766385696,0,Low Risk
41,59016.83,597,5000.0,12,7.04,0.0847215955177531,False,False,False,False,False,True,False,False,False,True,False,False,0.043891066406156316,0,Low Risk
31,61326.79,601,5000.0,6,5.16,0.0815304371874021,True,False,False,False,False,False,False,False,False,True,False,False,0.0750367575478886,0,Low Risk
26,12136.12,380,5000.0,9,4.05,0.4119932894533014,False,True,False,True,False,False,False,False,False,False,False,True,0.5617734652637953,0,Medium Risk
31,8596.49,300,3102.72,12,1.72,0.360928704622468,False,False,True,True,False,False,False,False,False,False,False,True,0.5933684532164761,0,Medium Risk
32,31377.72,443,5000.0,3,5.82,0.1593487353446968,False,False,False,False,True,False,False,False,False,False,False,False,0.560354117502601,1,Medium Risk
26,44927.95,463,5000.0,9,7.14,0.1112892976421136,True,False,False,False,False,False,False,False,True,False,False,False,0.6564381447270367,1,High Risk
59,88148.11,695,5000.0,9,1.92,0.0567227136236953,True,False,False,False,False,False,False,False,False,True,False,False,0.08081166118695755,1,Low Risk
50,50114.03,576,5000.0,12,2.79,0.0997724589301638,False,False,False,True,False,False,False,False,True,False,False,False,0.044973192172597834,0,Low Risk
46,5697.75,313,1802.3,6,9.12,0.3163178447632837,False,False,True,False,False,False,True,False,False,False,False,False,0.5387884900796274,0,Medium Risk
30,18039.57,385,4624.6,3,9.59,0.2563586604337021,False,True,False,False,False,True,False,False,True,False,False,False,0.579060331660858,1,Medium Risk
32,18087.81,341,5000.0,3,9.08,0.2764292636864274,False,True,False,False,True,False,False,False,True,False,False,False,0.5822561341447936,1,Medium Risk
33,12868.4,314,3365.24,12,3.29,0.2615119206738988,False,False,True,True,False,False,False,False,False,False,False,False,0.6353165714159428,1,High Risk
57,18004.22,514,3178.37,9,3.28,0.1765347235259289,False,True,False,False,False,False,False,False,False,False,False,True,0.5091145864465976,0,Medium Risk
54,18262.89,398,4712.99,6,2.13,0.2580637566124529,False,False,True,False,False,True,False,False,False,False,False,True,0.5543904912450095,1,Medium Risk
40,81419.51,702,5000.0,3,8.46,0.0614103425579446,True,False,False,False,False,True,False,False,False,False,True,False,0.09001590810737309,0,Low Risk
19,47764.26,508,5000.0,3,2.81,0.1046807801481693,True,False,False,False,True,False,False,False,False,False,True,False,0.5108360441130577,1,Medium Risk
37,59107.33,589,5000.0,3,3.15,0.084591877183422,True,False,False,False,True,False,False,False,False,False,False,True,0.0942277010397177,0,Low Risk
39,12869.95,386,2525.21,3,5.29,0.1962097754847532,False,False,True,False,False,True,False,False,False,False,False,False,0.5137585579341785,1,Medium Risk
31,8777.29,300,3907.42,9,1.02,0.4451738520659565,False,True,False,False,False,False,True,True,False,False,False,False,0.4873300396152777,1,Medium Risk
31,38460.37,492,5000.0,3,3.81,0.1300039495199864,False,False,False,True,False,False,False,True,False,False,False,False,0.5251085405502662,0,Medium Risk
20,5000.0,327,1827.68,6,9.18,0.365536,False,False,True,True,False,False,False,False,False,False,False,False,0.4700881222259601,0,Medium Risk
25,25479.99,387,5000.0,3,1.86,0.1962324161037739,False,False,False,True,False,False,False,False,True,False,False,False,0.6065464194927277,1,High Risk
25,7898.46,300,1656.02,6,3.52,0.2096636559531858,False,False,True,False,False,False,False,False,False,False,False,True,0.5918419292787491,0,Medium Risk
28,14334.46,378,1329.38,12,6.35,0.0927401520531642,False,True,False,False,False,True,False,False,False,False,False,True,0.5371432506666446,1,Medium Risk
40,13508.34,370,3226.18,9,9.64,0.238828753199875,False,False,True,True,False,False,False,False,True,False,False,False,0.5696848698400041,1,Medium Risk
24,20714.81,417,100.0,6,2.44,0.0048274640221175,False,False,False,False,True,False,False,False,False,False,False,False,0.5350452321188304,0,Medium Risk
30,20491.53,319,5000.0,6,3.95,0.2440032540273957,False,True,False,False,False,False,False,False,False,False,False,True,0.6446138226125125,0,High Risk
33,5015.51,352,1708.92,3,5.85,0.3407270646454697,False,False,True,False,False,True,False,False,False,False,True,False,0.5087069181300201,1,Medium Risk
35,14280.0,429,5000.0,6,7.24,0.3501400560224089,False,True,False,False,False,False,False,True,False,False,False,False,0.5213989900409214,0,Medium Risk
24,17100.26,361,5000.0,6,6.19,0.2923932150739229,False,True,False,False,False,True,False,False,True,False,False,False,0.6101149395692044,0,High Risk
23,25470.54,350,2366.79,12,2.2,0.0929226471052439,False,False,False,False,False,True,False,False,False,False,False,True,0.5618272687458126,0,Medium Risk
55,74488.97,695,5000.0,12,7.61,0.0671240319204306,False,False,False,False,False,False,True,False,False,False,False,False,0.05531568268264783,0,Low Risk
39,7163.04,300,2225.12,6,1.07,0.3106390582769326,False,True,False,False,False,False,False,False,True,False,False,False,0.5848275743229826,1,Medium Risk
59,93382.31,704,5000.0,12,8.99,0.0535433317081147,True,False,False,False,False,False,True,False,True,False,False,False,0.11016232590861241,1,Low Risk
43,13780.73,300,2158.88,12,8.84,0.1566593351731004,False,False,True,False,False,False,True,False,False,False,False,True,0.6772830252874131,1,High Risk
45,14821.44,306,3628.68,9,2.48,0.2448264136278256,False,True,False,True,False,False,False,False,False,False,False,True,0.627911059712675,1,High Risk
33,22819.5,391,1904.5,6,1.93,0.0834593220710357,False,True,False,True,False,False,False,False,True,False,False,False,0.5445770107362526,0,Medium Risk
41,52345.54,465,5000.0,3,9.59,0.0955191215908747,False,False,False,False,True,False,False,False,False,False,True,False,0.5990180328598398,1,Medium Risk
26,8464.67,307,1065.65,6,3.75,0.1258938623714805,False,True,False,False,False,False,False,False,False,False,True,False,0.6390802757194577,0,High Risk
48,61510.61,623,5000.0,12,5.26,0.0812867893847906,False,False,False,False,False,False,True,False,False,False,False,True,0.043853194615271464,0,Low Risk
36,93296.47,717,5000.0,3,9.26,0.0535925957327217,True,False,False,True,False,False,False,False,False,False,True,False,0.06783323373195498,0,Low Risk
51,82926.04,695,5000.0,12,4.44,0.0602946915106521,True,False,False,False,False,False,False,False,True,False,False,False,0.14362859075632556,0,Low Risk
55,5897.78,331,2169.11,6,3.8,0.3677841492900719,True,False,False,False,False,False,True,False,False,False,False,True,0.5203136191061122,1,Medium Risk
29,15751.47,326,5000.0,9,8.72,0.3174306905958619,False,True,False,True,False,False,False,False,False,False,False,False,0.6157301124599106,1,High Risk
25,7655.6,300,5000.0,3,6.12,0.6531166727624222,False,False,True,False,True,False,False,False,False,False,False,True,0.6778185084779916,1,High Risk
32,20886.12,385,5000.0,12,6.85,0.239393434491423,False,False,False,True,False,False,False,False,False,False,True,False,0.6218040520788651,0,High Risk
45,10999.05,374,5000.0,3,6.67,0.4545847141344025,False,False,True,False,False,False,False,False,False,False,False,True,0.5768856586650215,0,Medium Risk
23,7500.0,300,2195.68,12,4.71,0.2927573333333333,False,True,False,False,False,False,True,False,False,False,True,False,0.6374166657992929,0,High Risk
45,13961.84,316,1430.33,12,9.78,0.1024456661872647,False,False,True,False,True,False,False,False,True,False,False,False,0.6277920105176277,1,High Risk
40,50885.18,591,5000.0,9,5.09,0.0982604365357457,True,False,False,False,False,False,True,True,False,False,False,False,0.051167580726335,0,Low Risk
36,65192.77,614,5000.0,6,6.89,0.0766956213089273,False,False,False,False,False,False,True,False,False,False,True,False,0.09561424745448584,0,Low Risk
23,10593.28,341,3687.48,6,3.16,0.3480961515224746,False,True,False,False,True,False,False,False,False,False,True,False,0.5588763883945735,1,Medium Risk
56,12086.95,369,1151.51,12,2.02,0.0952688643537037,False,False,True,False,True,False,False,True,False,False,False,False,0.5234411706905892,1,Medium Risk
28,15196.75,349,3526.6,9,8.72,0.2320627765805188,False,True,False,False,True,False,False,True,False,False,False,False,0.5770338238686137,0,Medium Risk
39,71874.35,651,5000.0,3,7.29,0.0695658465085249,False,False,False,False,False,False,False,False,False,False,True,False,0.07160318805343449,1,Low Risk
32,5773.83,335,1525.67,9,4.88,0.2642388154829637,False,True,False,False,False,True,False,False,False,True,False,False,0.517697495419697,1,Medium Risk
36,21009.66,392,5000.0,3,5.88,0.237985764643502,False,True,False,False,True,False,False,False,False,True,False,False,0.5713307574699145,0,Medium Risk
21,34557.29,443,5000.0,6,7.44,0.1446872714845406,True,False,False,False,False,False,False,False,False,False,True,False,0.5704938540772957,0,Medium Risk
45,23180.62,411,5000.0,9,8.26,0.2156974231060256,False,True,False,False,False,True,False,False,False,False,False,True,0.5944927738998854,0,Medium Risk
18,13069.24,402,3011.89,12,2.05,0.2304563999130783,False,True,False,False,True,False,False,True,False,False,False,False,0.5588307958155214,1,Medium Risk
39,31145.7,381,5000.0,9,2.4,0.1605358043004331,True,False,False,False,False,False,False,False,False,False,False,False,0.587936800058066,1,Medium Risk
56,70016.18,621,5000.0,6,4.83,0.0714120650398236,False,False,False,False,False,False,True,False,True,False,False,False,0.07382905795752433,0,Low Risk
53,20736.36,347,5000.0,9,7.33,0.2411223570578443,True,False,False,False,True,False,False,False,False,False,True,False,0.5894233253035601,0,Medium Risk
53,57438.04,563,5000.0,9,8.48,0.0870503241405869,False,False,False,False,False,False,True,False,True,False,False,False,0.13157743967660063,0,Low Risk
37,18836.99,380,3789.57,3,2.05,0.2011770458019036,False,True,False,False,True,False,False,True,False,False,False,False,0.5807032490711288,0,Medium Risk
40,19497.97,317,5000.0,9,9.57,0.2564369521545063,False,False,True,False,False,True,False,False,False,False,False,False,0.6618370781480901,0,High Risk
40,69059.64,639,5000.0,12,6.14,0.0724011883062234,False,False,False,False,False,True,False,False,True,False,False,False,0.09581832142067029,0,Low Risk
58,17278.93,321,5000.0,9,4.89,0.2893697700031194,False,False,True,False,False,False,False,False,False,False,False,False,0.6272949801378772,0,High Risk
53,15299.83,374,4251.4,9,6.5,0.2778723685165129,False,False,True,False,False,False,True,False,False,False,True,False,0.5581653554665141,0,Medium Risk
41,8290.1,300,1827.15,6,6.87,0.2204014426846479,False,False,True,False,True,False,False,False,False,False,False,True,0.6492443204682548,1,High Risk
41,26629.55,390,5000.0,12,3.78,0.1877613403155517,False,False,False,False,False,True,False,False,False,False,False,True,0.6347701690809876,0,High Risk
59,58499.16,617,5000.0,6,2.14,0.0854713127504736,False,False,False,True,False,False,False,False,False,False,False,True,0.0708614807710395,0,Low Risk
45,43996.67,527,5000.0,3,4.87,0.1136449644939037,False,False,False,False,False,False,False,False,False,False,False,False,0.62290843003314,0,High Risk
43,24058.9,344,5000.0,12,6.83,0.2078233003171383,False,True,False,False,True,False,False,False,False,False,True,False,0.6364024459017239,0,High Risk
34,12511.05,329,2722.04,3,5.27,0.2175708673532597,False,True,False,False,False,True,False,False,True,False,False,False,0.5521220016122433,1,Medium Risk
49,94547.99,605,5000.0,12,3.08,0.0528831971996443,True,False,False,True,False,False,False,False,False,True,False,False,0.2606138504216752,1,Low Risk
51,13755.06,300,5000.0,6,7.45,0.3635025946815208,False,False,True,False,False,False,False,False,False,False,False,False,0.6853391581966837,0,High Risk
58,20184.94,345,5000.0,6,5.19,0.2477094308925367,False,True,False,False,False,False,False,True,False,False,False,False,0.6327341715751043,0,High Risk
42,59952.06,475,5000.0,9,8.36,0.0833999699092908,False,False,False,False,False,False,True,True,False,False,False,False,0.6608428540415523,1,High Risk
40,52329.92,497,5000.0,9,9.66,0.0955476331704692,False,False,False,True,False,False,False,False,False,False,False,True,0.6350663384229052,0,High Risk
48,5870.91,313,324.21,12,4.84,0.0552231255461248,False,False,True,False,True,False,False,False,False,True,False,False,0.5707659874233254,0,Medium Risk
54,16045.34,363,4247.98,3,8.67,0.2647485188846107,False,False,False,False,True,False,False,False,True,False,False,False,0.563515979539566,0,Medium Risk
33,6138.16,300,2391.04,9,3.8,0.3895369296336361,False,False,True,True,False,False,False,False,False,True,False,False,0.5688087393852161,1,Medium Risk
37,51059.62,482,5000.0,9,5.3,0.0979247397454191,False,False,False,False,False,True,False,False,False,False,True,False,0.6439112154288406,0,High Risk
25,55067.55,512,5000.0,12,6.15,0.0907975749783674,False,False,False,True,False,False,False,False,True,False,False,False,0.6089708561845957,1,High Risk
27,8705.84,302,1354.69,3,9.59,0.1556070407910092,True,False,False,False,False,False,False,False,False,False,False,True,0.591357385679618,0,Medium Risk
42,13468.54,407,252.82,9,8.57,0.0187711511418461,False,True,False,False,False,False,False,False,True,False,False,False,0.5235471146027161,0,Medium Risk
59,8805.05,309,4370.99,9,1.39,0.4964185325466635,False,False,True,False,True,False,False,False,False,True,False,False,0.6362412717520117,1,High Risk
52,24578.62,454,5000.0,3,3.94,0.2034288336773993,False,True,False,False,True,False,False,False,False,False,False,True,0.5509069225738576,1,Medium Risk
21,6024.9,300,2013.23,9,3.82,0.3341516041760029,False,False,True,True,False,False,False,False,False,False,False,True,0.5483049643657281,1,Medium Risk
22,5000.0,364,424.41,9,7.21,0.084882,False,False,True,False,True,False,False,True,False,False,False,False,0.46539556164813656,1,Medium Risk
32,5000.0,314,414.66,3,9.86,0.082932,False,True,False,False,False,False,False,True,False,False,False,False,0.5070778549787667,1,Medium Risk
54,10429.89,323,3698.97,12,5.99,0.3546509119463388,False,True,False,False,False,True,False,False,False,False,False,False,0.48996965725496144,1,Medium Risk
31,19895.93,399,4641.7,9,6.3,0.2332989711966216,False,True,False,False,False,False,False,False,False,False,False,True,0.5297567611397033,0,Medium Risk
31,35097.87,404,5000.0,3,8.36,0.1424587873851034,True,False,False,False,True,False,False,False,False,False,False,False,0.570271015033389,1,Medium Risk
38,12329.51,308,5000.0,9,8.51,0.4055311200526217,False,False,True,True,False,False,False,False,False,True,False,False,0.6143376277048819,1,High Risk
21,43986.33,521,5000.0,9,4.16,0.1136716793603831,True,False,False,True,False,False,False,False,False,False,False,True,0.6345078110187271,1,High Risk
56,5443.35,330,2699.87,6,3.81,0.4959941947513938,False,False,True,True,False,False,False,False,False,False,False,False,0.5274411552382122,1,Medium Risk
36,21508.07,418,5000.0,12,2.02,0.2324708818596926,False,True,False,False,False,True,False,False,False,False,False,True,0.607089296541806,1,High Risk
37,8080.16,303,2909.86,12,4.48,0.3601240569493674,False,True,False,False,False,False,False,False,False,False,False,True,0.589433690427546,1,Medium Risk
44,16729.02,405,5000.0,9,6.99,0.2988818233225855,False,True,False,True,False,False,False,False,False,False,False,True,0.5667413983837483,0,Medium Risk
31,41778.66,506,5000.0,6,3.1,0.1196783238141194,True,False,False,False,True,False,False,False,False,False,False,False,0.6082944531597354,0,High Risk
59,14293.66,341,5000.0,9,8.76,0.3498054382152646,False,False,True,False,True,False,False,True,False,False,False,False,0.5795056094648801,1,Medium Risk
35,5034.0,300,543.35,6,8.75,0.1079360349622566,False,False,True,True,False,False,False,False,False,False,False,True,0.5081765290336165,0,Medium Risk
39,55353.21,546,3012.43,3,9.46,0.0544219567392749,False,False,False,False,False,False,False,False,False,True,False,False,0.43924062582802537,1,Medium Risk
19,5978.6,303,2217.46,3,9.1,0.3708995416987254,False,False,True,False,False,False,True,True,False,False,False,False,0.5412480608706189,1,Medium Risk
54,62364.82,557,5000.0,6,9.43,0.0801734054551909,False,False,False,False,False,False,True,False,False,False,False,False,0.17518042861199426,0,Low Risk
36,44434.53,476,5000.0,6,5.01,0.1125251015370253,True,False,False,False,False,False,False,False,False,False,False,True,0.6272114464544285,0,High Risk
40,10766.78,300,5000.0,6,1.79,0.4643913964992319,False,True,False,False,False,True,False,False,False,False,False,False,0.6467131849550531,1,High Risk
56,22132.09,411,5000.0,9,1.7,0.225916305238231,False,True,False,False,False,False,False,False,True,False,False,False,0.5998931788003028,1,Medium Risk
59,5000.0,300,1908.01,12,9.86,0.381602,False,False,True,False,False,False,True,False,False,False,False,False,0.6074919723847766,1,High Risk
46,11179.31,300,100.0,12,2.3,0.0089450958959005,False,False,True,False,False,False,True,False,False,False,True,False,0.5712002355194998,0,Medium Risk
53,84462.56,652,5000.0,6,4.82,0.0591978268240981,True,False,False,True,False,False,False,True,False,False,False,False,0.0892877626912611,1,Low Risk
18,23701.47,394,4915.77,9,8.87,0.2074035914228104,False,False,False,False,False,True,False,False,False,False,False,False,0.6225065753474026,1,High Risk
35,8796.44,300,4113.06,3,2.8,0.4675823401285065,False,False,True,True,False,False,False,False,False,False,False,False,0.6396843431095648,1,High Risk
55,17815.59,327,5000.0,9,1.35,0.2806530684641934,True,False,False,False,False,False,True,False,False,True,False,False,0.5672853819312449,0,Medium Risk
50,49614.43,424,5000.0,3,2.07,0.100777132781733,False,False,False,False,True,False,False,False,True,False,False,False,0.6053462656418462,0,High Risk
51,65668.54,615,5000.0,9,7.18,0.0761399598651043,False,False,False,False,False,False,True,False,False,True,False,False,0.057490213487443265,0,Low Risk
23,34246.18,409,5000.0,3,9.18,0.1460016854434567,False,False,False,True,False,False,False,False,False,False,True,False,0.5750551352877755,1,Medium Risk
39,40609.78,523,5000.0,9,5.65,0.1231230506543005,True,False,False,False,False,False,False,False,False,True,False,False,0.5846430168575789,0,Medium Risk
45,13993.32,300,3389.84,3,1.41,0.242247015004302,False,True,False,False,False,False,False,False,False,False,False,False,0.7118889581675032,0,High Risk
22,43009.11,501,5000.0,3,4.09,0.1162544400477015,False,False,False,False,True,False,False,False,False,False,True,False,0.5767685123668708,0,Medium Risk
46,13649.62,302,4151.9,12,1.05,0.3041769660986899,False,False,True,False,False,False,True,False,False,True,False,False,0.501833814342468,0,Medium Risk
34,35403.02,431,5000.0,12,4.33,0.1412308893422086,True,False,False,False,True,False,False,False,False,False,True,False,0.6379971724708292,1,High Risk
35,8726.69,300,5000.0,3,6.96,0.5729549233443608,False,False,True,False,True,False,False,False,False,False,False,True,0.6573831671952222,1,High Risk
50,74266.12,637,5000.0,12,2.5,0.067325450690032,True,False,False,True,False,False,False,False,True,False,False,False,0.15780083459312783,1,Low Risk
48,84246.33,653,5000.0,6,9.78,0.0593497663340349,False,False,False,False,False,False,True,False,False,True,False,False,0.14235517446233753,0,Low Risk
43,50004.46,477,5000.0,6,6.25,0.099991080795593,False,False,False,False,False,False,True,False,True,False,False,False,0.6540751247375254,1,High Risk
54,75339.16,596,5000.0,9,6.85,0.0663665482864422,False,False,False,False,False,True,False,False,False,False,False,True,0.06885184306420661,0,Low Risk
25,8761.88,300,1723.46,3,4.07,0.1966997950211598,False,False,True,False,True,False,False,False,False,False,False,True,0.6368255304066653,1,High Risk
22,6939.47,300,1179.93,9,4.39,0.1700317171196071,False,False,True,False,False,False,True,False,True,False,False,False,0.6262248256804035,0,High Risk
37,12699.86,350,3641.68,9,7.83,0.2867496177123212,False,False,True,False,True,False,False,True,False,False,False,False,0.5834999935270592,0,Medium Risk
41,17711.51,392,5000.0,12,8.53,0.28230229946515,False,True,False,False,True,False,False,False,False,False,True,False,0.5788086569143573,0,Medium Risk
28,11919.19,395,2507.36,12,3.79,0.210363288109343,False,False,True,False,False,True,False,True,False,False,False,False,0.5596819411924362,1,Medium Risk
40,68822.18,649,5000.0,12,3.47,0.0726509971058748,False,False,False,False,False,False,True,False,False,False,False,False,0.05463849518793431,0,Low Risk
39,85757.13,663,5000.0,3,3.98,0.0583041899839698,True,False,False,False,False,True,False,False,False,False,True,False,0.09130733510972293,1,Low Risk
36,5000.0,300,872.08,3,7.07,0.174416,False,True,False,True,False,False,False,False,True,False,False,False,0.6182139031067073,1,High Risk
54,76615.78,646,5000.0,6,6.71,0.0652607073895221,True,False,False,False,False,False,True,False,True,False,False,False,0.08058886870262887,0,Low Risk
26,46543.87,490,5000.0,3,3.71,0.1074255320840316,False,False,False,True,False,False,False,False,False,False,True,False,0.605518635609799,1,High Risk
28,10018.53,383,3941.94,6,5.33,0.3934649095226545,False,False,True,True,False,False,False,False,False,False,False,False,0.513872569470884,0,Medium Risk
58,72988.54,633,5000.0,6,7.29,0.0685039048595848,False,False,False,False,False,False,True,True,False,False,False,False,0.058253124256483185,0,Low Risk
56,44774.94,549,5000.0,12,6.41,0.1116696080441425,True,False,False,True,False,False,False,False,False,False,False,False,0.41111408347721506,0,Medium Risk
53,88498.95,694,5000.0,9,1.12,0.0564978454546635,True,False,False,False,False,False,True,False,False,True,False,False,0.155943164345779,0,Low Risk
21,5000.0,352,3108.47,6,6.01,0.621694,False,False,True,False,False,True,False,False,False,False,False,False,0.5045347958114058,0,Medium Risk
49,19208.65,401,4650.32,12,1.79,0.2420950977814682,False,True,False,False,False,False,True,False,False,False,False,False,0.5342048835675492,1,Medium Risk
38,7387.55,304,2250.21,9,8.26,0.304594892758763,False,True,False,True,False,False,False,False,False,False,True,False,0.5949943063582388,1,Medium Risk
33,71754.36,658,5000.0,3,6.96,0.0696821768043084,True,False,False,False,True,False,False,True,False,False,False,False,0.061622874370766516,0,Low Risk
51,8383.09,308,1539.77,6,1.73,0.1836757090762475,False,True,False,False,False,True,False,False,False,False,True,False,0.5893882676570943,0,Medium Risk
31,71126.93,591,5000.0,12,7.47,0.0702968622433162,True,False,False,False,False,False,True,False,False,False,True,False,0.11515599494867583,0,Low Risk
53,58009.69,571,5000.0,3,7.63,0.0861924964605051,True,False,False,False,True,False,False,False,False,True,False,False,0.1310803568675464,0,Low Risk
54,15465.18,360,5000.0,3,1.17,0.3233069385548697,False,True,False,False,False,False,False,False,False,False,False,False,0.5643665351887762,0,Medium Risk
41,98009.65,760,5000.0,6,8.6,0.0510153847095668,True,False,False,True,False,False,False,False,False,False,False,False,0.0606449028820053,0,Low Risk
35,44502.41,518,5000.0,3,5.95,0.1123534658010656,False,False,False,False,False,True,False,False,False,False,False,True,0.6460804539866893,0,High Risk
35,110105.3,845,5000.0,3,5.45,0.0454110746712465,True,False,False,True,False,False,False,False,True,False,False,False,0.09491199313380683,0,Low Risk
43,23465.71,319,5000.0,9,2.55,0.2130768683325584,False,True,False,True,False,False,False,True,False,False,False,False,0.6426701888259188,0,High Risk
40,87126.24,661,5000.0,3,1.91,0.05738799241193,True,False,False,True,False,False,False,False,True,False,False,False,0.08411231394189861,0,Low Risk
40,65851.56,543,5000.0,12,2.4,0.0759283455092028,False,False,False,False,False,True,False,False,True,False,False,False,0.6659307208256499,0,High Risk
24,33194.27,463,5000.0,12,8.09,0.1506284066497019,True,False,False,True,False,False,False,False,False,True,False,False,0.5701323685502495,1,Medium Risk
39,14381.7,396,100.0,12,1.57,0.0069532809055953,False,True,False,False,False,False,False,False,False,False,False,True,0.4835413686964996,0,Medium Risk
57,25413.96,432,3641.17,12,6.07,0.1432744050907454,False,True,False,False,True,False,False,False,False,True,False,False,0.4922378681998025,1,Medium Risk
20,21400.41,370,5000.0,6,2.89,0.2336403835253623,True,False,False,True,False,False,False,False,False,True,False,False,0.525720641243941,0,Medium Risk
32,46227.98,420,5000.0,9,7.5,0.1081596037724339,False,False,False,False,True,False,False,False,True,False,False,False,0.7102866583584379,1,High Risk
38,14215.43,353,5000.0,12,4.89,0.3517304787825623,False,False,True,False,False,False,True,True,False,False,False,False,0.5802508206371912,1,Medium Risk
19,10771.68,345,3178.33,3,1.53,0.2950635369784471,False,True,False,False,True,False,False,False,False,False,False,True,0.5084667114175887,0,Medium Risk
41,10777.93,335,2631.28,3,3.89,0.2441359333378487,False,False,True,False,False,False,True,False,False,False,False,False,0.5606022726556121,1,Medium Risk
56,77554.21,610,5000.0,6,2.41,0.0644710325848203,True,False,False,False,True,False,False,False,False,False,True,False,0.08925280577684759,1,Low Risk
30,15098.27,326,4978.58,3,6.14,0.329745063507276,False,True,False,True,False,False,False,True,False,False,False,False,0.6349656980834567,0,High Risk
24,8304.74,300,1241.7,6,5.02,0.149517022808661,False,False,True,False,False,False,True,False,False,False,False,False,0.5877552287420879,1,Medium Risk
56,11925.42,362,4720.71,9,5.89,0.3958527246839105,False,False,True,True,False,False,False,False,False,True,False,False,0.49658558203120806,0,Medium Risk
19,39446.78,497,5000.0,9,8.68,0.1267530581710345,False,False,False,True,False,False,False,False,False,False,True,False,0.5486113099215182,0,Medium Risk
34,11314.03,359,5000.0,3,3.83,0.4419291799650522,False,False,True,False,True,False,False,False,False,False,False,False,0.6257048747570128,1,High Risk
47,66574.71,534,5000.0,3,4.87,0.0751035941425805,True,False,False,True,False,False,False,False,False,False,False,False,0.7960368871939042,1,High Risk
31,18886.17,334,4508.59,6,1.81,0.2387244210975544,False,True,False,False,False,True,False,True,False,False,False,False,0.6154944612337431,1,High Risk
22,6500.43,316,3570.55,6,1.76,0.549279047693768,False,False,True,False,False,False,False,False,False,True,False,False,0.49442885633409367,0,Medium Risk
38,5000.0,338,1670.56,9,2.45,0.3341119999999999,False,False,True,False,True,False,False,True,False,False,False,False,0.5491079553893138,0,Medium Risk
58,21034.41,339,5000.0,3,3.51,0.2377057402608392,False,False,True,True,False,False,False,False,False,True,False,False,0.515662523556895,0,Medium Risk
52,16775.98,400,4729.45,9,8.7,0.2819179565068628,False,False,True,True,False,False,False,False,False,True,False,False,0.5089270942602961,0,Medium Risk
52,8622.62,302,3341.87,9,3.53,0.3875701352953046,False,False,True,False,False,False,False,False,True,False,False,False,0.5923337852211737,0,Medium Risk
28,71577.89,629,5000.0,12,8.57,0.0698539730634697,True,False,False,False,False,True,False,True,False,False,False,False,0.07813084050405929,0,Low Risk
43,15205.69,377,4949.5,9,8.05,0.3255031504653849,False,False,True,False,False,False,True,False,False,False,False,True,0.5792276131184882,1,Medium Risk
32,45973.53,477,5000.0,3,9.53,0.1087582354454835,False,False,False,False,True,False,False,False,False,False,False,False,0.6429929405798201,0,High Risk
36,13337.56,398,4081.25,12,5.47,0.3059967490305573,False,False,True,False,False,False,True,True,False,False,False,False,0.5701973188417032,0,Medium Risk
49,19763.65,403,3210.01,9,7.91,0.1624198971343856,False,True,False,True,False,False,False,True,False,False,False,False,0.5603859959748871,0,Medium Risk
43,10548.01,327,2075.8,9,2.79,0.1967954144905058,False,False,True,False,True,False,False,True,False,False,False,False,0.6064927244824727,1,High Risk
19,6265.73,300,1673.78,12,5.09,0.2671324809718899,False,False,True,False,True,False,False,False,False,True,False,False,0.5470567350584112,1,Medium Risk
28,85571.75,679,5000.0,9,5.54,0.0584304983829359,True,False,False,False,False,False,False,False,False,True,False,False,0.0482371035760062,0,Low Risk
40,14141.79,336,4816.76,12,2.16,0.3406046900710588,False,False,True,False,False,True,False,False,False,False,False,False,0.5544527932196834,1,Medium Risk
37,51051.59,604,5000.0,6,3.57,0.0979401425107425,True,False,False,True,False,False,False,False,False,True,False,False,0.07390446164159893,0,Low Risk
31,7942.21,353,1556.37,3,6.03,0.1959618292641468,False,False,True,False,False,True,False,False,False,False,False,False,0.5534755444763061,0,Medium Risk
24,13951.41,302,4771.35,3,8.57,0.3419976905560083,False,True,False,False,False,True,False,False,False,False,False,True,0.5959451529904775,0,Medium Risk
39,15997.75,352,5000.0,6,9.79,0.3125439514931787,False,True,False,False,True,False,False,False,False,False,False,False,0.5443569392535653,0,Medium Risk
29,5524.43,323,1724.71,12,5.96,0.3121969144328012,False,True,False,False,True,False,False,False,False,False,False,True,0.5203841177852763,1,Medium Risk
29,17233.35,439,753.82,3,4.34,0.0437419306170883,False,True,False,False,False,False,False,False,True,False,False,False,0.49557502549023696,0,Medium Risk
23,9898.37,300,1818.88,3,3.17,0.1837555072198756,False,False,True,True,False,False,False,False,False,True,False,False,0.6028062324756315,1,High Risk
25,20956.18,437,5000.0,3,9.48,0.2385931023688477,False,True,False,False,False,True,False,False,True,False,False,False,0.6183216116614292,1,High Risk
56,20799.43,300,5000.0,6,6.89,0.2403912030281599,False,True,False,False,False,False,False,False,False,False,True,False,0.7086694246051415,1,High Risk
50,84782.89,717,5000.0,12,6.62,0.0589741633011094,False,False,False,False,True,False,False,False,False,True,False,False,0.06258475186089402,0,Low Risk
58,23192.19,377,5000.0,9,6.72,0.2155898170892874,False,True,False,False,False,False,False,False,True,False,False,False,0.6684349793535017,0,High Risk
21,14423.46,300,4076.83,6,5.86,0.2826527060774599,False,False,False,False,False,False,True,False,True,False,False,False,0.6516718121364055,1,High Risk
41,88960.17,750,5000.0,6,5.48,0.0562049285652219,True,False,False,False,True,False,False,False,False,False,False,False,0.07683259061709888,0,Low Risk
23,20701.5,309,5000.0,3,7.61,0.2415283916624399,True,False,False,False,True,False,False,False,False,False,True,False,0.6199522946516678,1,High Risk
45,17759.93,391,4423.92,12,8.57,0.2490955763902222,False,True,False,False,False,True,False,False,True,False,False,False,0.618535843854185,1,High Risk
47,24729.11,355,5000.0,6,5.35,0.2021908592747575,False,True,False,True,False,False,False,False,False,False,False,True,0.6181881878402169,0,High Risk
25,12518.93,408,2368.92,3,6.14,0.1892270345788338,False,False,True,True,False,False,False,False,False,False,False,True,0.5172845472451909,1,Medium Risk
39,26357.25,448,4690.81,9,9.96,0.1779703876542507,False,True,False,False,False,False,True,False,False,False,True,False,0.5326900492582491,0,Medium Risk
51,21683.59,320,1313.88,3,6.63,0.0605932873661603,False,True,False,False,True,False,False,False,True,False,False,False,0.5013936061267663,0,Medium Risk
52,41501.3,456,5000.0,9,8.64,0.1204781536963902,False,False,False,False,True,False,False,False,True,False,False,False,0.6924518687176634,0,High Risk
55,47354.61,537,5000.0,9,6.23,0.1055863410130502,True,False,False,True,False,False,False,False,True,False,False,False,0.5824631678027758,0,Medium Risk
36,19853.96,374,5000.0,6,3.99,0.2518389278511692,False,True,False,False,False,False,False,False,False,False,False,False,0.6183830141971923,0,High Risk
40,37886.51,383,5000.0,12,3.98,0.1319730954368718,False,False,False,False,False,False,False,False,False,False,False,True,0.630043692225385,1,High Risk
55,11337.48,317,1224.3,9,2.92,0.1079869600651996,False,True,False,False,False,False,False,True,False,False,False,False,0.5753515935589695,0,Medium Risk
30,44505.06,590,5000.0,9,1.09,0.1123467758497573,False,False,False,False,False,False,True,False,False,False,False,True,0.13602419550781228,0,Low Risk
39,7299.72,300,4389.48,12,9.39,0.601321694530749,False,False,True,True,False,False,False,False,False,False,True,False,0.5850766510710418,0,Medium Risk
45,62041.19,513,5000.0,3,6.63,0.0805916198577106,True,False,False,False,False,False,False,False,False,False,False,False,0.7089075691804552,1,High Risk
27,77514.47,644,5000.0,12,2.99,0.064504085495263,True,False,False,False,False,False,False,False,False,False,True,False,0.0931782212975069,0,Low Risk
41,26158.32,421,5000.0,12,5.98,0.191143773759171,False,True,False,False,False,False,True,True,False,False,False,False,0.5716508959044898,0,Medium Risk
21,40181.36,452,5000.0,9,4.93,0.1244358080463179,True,False,False,False,False,False,False,False,False,False,False,False,0.6017116475378739,0,High Risk
56,15728.12,325,3197.1,3,5.72,0.2032728641439663,False,True,False,False,False,True,False,False,False,False,False,False,0.5352031185227318,0,Medium Risk
42,45823.38,516,5000.0,9,9.88,0.1091146048152711,True,False,False,False,False,True,False,False,True,False,False,False,0.5306106807694438,1,Medium Risk
26,49789.71,485,5000.0,9,4.54,0.1004223563463213,False,False,False,False,False,False,False,False,False,True,False,False,0.6487325673048809,0,High Risk
54,10717.43,316,2012.64,3,3.37,0.1877912895162366,False,False,True,False,False,False,True,False,True,False,False,False,0.5675710098690915,0,Medium Risk
41,80363.15,718,5000.0,12,4.51,0.0622175711131283,False,False,False,False,False,True,False,False,False,True,False,False,0.05228862022361132,1,Low Risk
46,70981.58,640,5000.0,3,5.22,0.0704408101369397,False,False,False,False,False,True,False,False,False,True,False,False,0.10779818713838696,0,Low Risk
27,6191.34,329,1172.69,9,7.27,0.1894081087454412,False,False,True,False,True,False,False,False,False,False,True,False,0.5750471557250948,0,Medium Risk
22,8465.48,351,2592.87,9,6.63,0.3062874166615478,False,False,True,False,True,False,False,True,False,False,False,False,0.5286605142015111,1,Medium Risk
56,9135.01,300,4763.9,12,4.08,0.521499155447011,False,False,True,False,True,False,False,False,False,False,False,True,0.6798192385114067,1,High Risk
55,11831.59,322,147.9,3,3.29,0.0125004331624067,False,True,False,False,True,False,False,False,True,False,False,False,0.4679271318265938,0,Medium Risk
30,13642.39,355,3835.82,9,5.93,0.2811692086210701,False,False,True,True,False,False,False,False,False,False,False,True,0.541117476642834,0,Medium Risk
45,69315.79,599,5000.0,12,6.68,0.0721336365061986,False,False,False,False,True,False,False,False,False,False,False,True,0.061067394788604644,1,Low Risk
20,46252.06,533,5000.0,3,6.3,0.1081032931289979,True,False,False,True,False,False,False,False,False,False,False,False,0.587193693570175,0,Medium Risk
45,5434.32,300,1884.57,12,4.65,0.3467903987987457,False,False,True,True,False,False,False,False,False,False,False,False,0.5659572747553765,1,Medium Risk
31,28207.8,383,5000.0,12,6.86,0.1772559363013067,True,False,False,False,False,True,False,True,False,False,False,False,0.6274844287598738,0,High Risk
52,97008.17,634,5000.0,6,6.57,0.0515420505303831,False,False,False,False,True,False,False,False,True,False,False,False,0.29843477978325966,0,Low Risk
48,18135.67,341,5000.0,3,5.19,0.2756997673645363,False,False,True,False,True,False,False,False,True,False,False,False,0.5796247651196773,1,Medium Risk
36,38107.19,493,5000.0,3,7.55,0.1312088348681705,False,False,False,False,False,True,False,False,False,False,True,False,0.5591529327031293,0,Medium Risk
59,65751.42,556,5000.0,6,5.28,0.0760439850576611,True,False,False,False,False,True,False,False,False,False,True,False,0.3053982417894715,0,Low Risk
38,42830.42,487,5000.0,12,8.74,0.1167394576098016,True,False,False,False,False,True,False,True,False,False,False,False,0.629003259172211,0,High Risk
38,7227.54,300,1435.31,9,1.7,0.1985890081549185,False,False,True,False,False,False,False,False,False,False,False,True,0.6320655075253182,1,High Risk
36,16741.38,383,5000.0,6,6.13,0.2986611617441334,False,True,False,False,False,False,True,True,False,False,False,False,0.6289577458248242,0,High Risk
45,18265.87,360,266.09,3,7.88,0.0145676061419467,False,True,False,False,False,False,False,False,False,True,False,False,0.4819451057639541,1,Medium Risk
57,32735.79,398,100.0,9,7.39,0.0030547605541213,True,False,False,False,False,True,False,True,False,False,False,False,0.6670857465048408,0,High Risk
21,6604.25,300,2238.06,6,1.16,0.3388817806715372,False,False,True,False,True,False,False,False,False,False,False,True,0.6539116557981082,0,High Risk
58,70908.84,664,5000.0,6,7.56,0.0705130700206067,True,False,False,False,False,False,False,False,False,True,False,False,0.08238466470771336,0,Low Risk
26,76807.37,692,5000.0,12,9.23,0.0650979196397429,True,False,False,False,True,False,False,True,False,False,False,False,0.04949938992589969,0,Low Risk
45,18694.06,386,5000.0,9,8.22,0.2674646385001439,False,False,True,True,False,False,False,True,False,False,False,False,0.5507866788898194,0,Medium Risk
42,72123.95,583,5000.0,3,4.97,0.0693250993601986,False,False,False,False,False,False,True,False,False,True,False,False,0.19926989422130986,0,Low Risk
23,18499.31,428,5000.0,3,1.89,0.270280350996875,False,False,False,False,True,False,False,False,False,False,False,False,0.5323864660809937,0,Medium Risk
41,18204.33,375,4782.76,9,1.91,0.2627265051776143,False,True,False,False,False,False,True,False,False,False,True,False,0.5893558144749683,1,Medium Risk
35,5000.0,300,100.0,9,5.58,0.02,False,False,True,False,False,True,False,False,True,False,False,False,0.5852139992300462,1,Medium Risk
26,55503.43,577,5000.0,9,9.29,0.0900845227042725,True,False,False,False,False,False,False,False,False,False,True,False,0.061937816174398155,0,Low Risk
47,54188.2,528,5000.0,6,7.18,0.092271011031922,False,False,False,False,False,False,True,False,False,False,False,False,0.47879836805905335,1,Medium Risk
22,5000.0,300,1310.23,6,6.03,0.262046,False,False,True,False,False,False,True,False,False,False,False,True,0.5578114580046593,1,Medium Risk
43,83569.98,696,5000.0,12,6.64,0.0598300968840724,True,False,False,False,True,False,False,False,False,False,False,False,0.08920610881195983,0,Low Risk
23,9988.77,381,2924.93,3,6.22,0.2928218389251129,False,False,True,False,False,True,False,False,False,False,False,False,0.5281080213996217,0,Medium Risk
25,26877.83,342,5000.0,9,6.88,0.1860269225603406,False,False,False,True,False,False,False,False,False,True,False,False,0.5791662590264167,1,Medium Risk
29,61768.14,623,5000.0,12,1.56,0.080947880250239,True,False,False,False,True,False,False,False,False,False,False,True,0.05701548082245271,0,Low Risk
56,64218.71,530,5000.0,6,4.1,0.0778589292746615,False,False,False,True,False,False,False,False,False,False,False,True,0.5438539100798656,1,Medium Risk
46,13316.2,458,5000.0,6,8.0,0.3754824950060828,False,True,False,False,False,True,False,False,False,False,False,True,0.5221326493446496,1,Medium Risk
33,74702.64,580,5000.0,12,4.09,0.066932038814157,True,False,False,False,False,False,False,False,False,False,False,False,0.2725084122136295,0,Low Risk
53,9279.34,316,2156.46,9,5.49,0.2323936831714324,False,False,True,True,False,False,False,False,False,False,False,True,0.5154117786268004,0,Medium Risk
23,53486.92,521,5000.0,9,5.67,0.0934807986700299,True,False,False,False,True,False,False,True,False,False,False,False,0.627855282266202,1,High Risk
54,14268.01,314,3419.47,3,7.43,0.2396599105271162,False,False,True,True,False,False,False,False,False,False,True,False,0.5660800057089352,0,Medium Risk
24,55842.59,534,5000.0,3,8.65,0.0895373943078213,True,False,False,False,False,True,False,False,False,False,True,False,0.616134073818671,0,High Risk
57,16581.13,321,1054.38,9,8.21,0.0635891522471629,False,False,True,False,False,True,False,False,False,False,False,False,0.604695729002532,1,High Risk
38,40227.88,449,5000.0,9,1.25,0.1242919089944585,False,False,False,False,False,False,False,False,False,False,False,True,0.5939039465536455,0,Medium Risk
25,9841.23,336,2146.85,9,4.76,0.218148544440075,False,False,True,True,False,False,False,False,False,False,False,True,0.5243683683951964,1,Medium Risk
18,37225.45,463,5000.0,6,6.77,0.1343167107449339,True,False,False,False,False,True,False,False,False,True,False,False,0.5235721187560627,0,Medium Risk
50,53902.13,570,5000.0,6,3.75,0.0927607127955797,False,False,False,False,False,True,False,True,False,False,False,False,0.03327506712631882,0,Low Risk
30,20967.45,300,4732.85,3,1.68,0.2257236812297156,False,True,False,False,False,False,True,True,False,False,False,False,0.7042542708582101,1,High Risk
21,51728.39,628,2294.81,6,2.81,0.0443626797586393,False,False,False,False,False,False,True,False,False,False,True,False,0.1129033525402045,0,Low Risk
31,47539.8,558,5000.0,9,1.59,0.1051750322887349,True,False,False,False,False,False,True,False,False,True,False,False,0.0974927050672942,0,Low Risk
25,13274.57,300,2127.32,9,2.41,0.1602552851052802,False,True,False,False,False,False,True,False,False,True,False,False,0.6816048787931978,1,High Risk
20,7676.21,312,3296.1,3,8.35,0.4293915877757382,False,True,False,False,False,True,False,False,False,True,False,False,0.560431920570078,1,Medium Risk
40,75459.37,647,5000.0,12,1.2,0.0662608235398731,True,False,False,False,True,False,False,True,False,False,False,False,0.10664794544855224,0,Low Risk
27,9292.25,300,1834.04,3,8.4,0.1973730797169684,False,True,False,False,False,True,False,False,False,False,True,False,0.5825434548636785,1,Medium Risk
43,9833.8,300,1727.47,12,3.46,0.1756665785352559,False,True,False,False,False,False,True,False,True,False,False,False,0.6738590810037454,1,High Risk
27,47787.92,522,5000.0,12,7.36,0.1046289522540424,True,False,False,True,False,False,False,False,False,False,False,True,0.5743476921627175,0,Medium Risk
35,35556.58,457,5000.0,12,3.95,0.1406209483589254,False,False,False,False,False,True,False,False,False,False,True,False,0.6183677032760894,0,High Risk
47,79789.1,740,5000.0,6,4.54,0.062665201136496,False,False,False,False,False,False,False,False,True,False,False,False,0.07859526717469403,1,Low Risk
44,7861.33,354,1383.25,3,6.25,0.1759562313247249,False,False,True,False,False,False,False,False,False,False,True,False,0.5210823542098335,0,Medium Risk
49,13293.23,308,100.0,6,8.06,0.0075226261788895,False,False,True,False,False,True,False,False,False,False,False,True,0.5574669501018292,0,Medium Risk
48,59589.88,534,5000.0,3,8.94,0.0839068647226676,True,False,False,True,False,False,False,False,True,False,False,False,0.6813324949229255,1,High Risk
24,51613.36,464,5000.0,9,5.51,0.0968741426638374,True,False,False,False,False,False,False,False,True,False,False,False,0.6983521555034359,0,High Risk
54,20319.38,315,5000.0,9,1.16,0.2460705001825843,False,True,False,True,False,False,False,False,False,False,False,True,0.5771783262638043,0,Medium Risk
52,41555.68,511,5000.0,6,7.63,0.1203204952969124,False,False,False,True,False,False,False,True,False,False,False,False,0.5965800169968132,0,Medium Risk
26,12572.24,383,5000.0,9,7.29,0.3977016028965403,False,False,True,False,False,True,False,False,False,False,True,False,0.6497346635034879,0,High Risk
32,12555.69,415,1176.03,6,4.13,0.0936651032320804,False,False,True,False,False,True,False,False,False,True,False,False,0.5565693461304245,1,Medium Risk
59,89893.88,652,5000.0,3,6.09,0.0556211390586322,False,False,False,False,False,False,False,False,False,True,False,False,0.1315401731564974,0,Low Risk
54,107461.79,835,5000.0,9,6.2,0.0465281659648513,True,False,False,False,False,False,False,False,False,False,True,False,0.11485695035330697,0,Low Risk
45,20541.92,343,5000.0,6,5.25,0.2434047060839493,False,False,True,False,False,True,False,True,False,False,False,False,0.6054967200510885,1,High Risk
25,19432.27,388,5000.0,9,8.88,0.2573039588272497,False,False,False,False,False,True,False,False,False,True,False,False,0.5872486890983009,1,Medium Risk
26,54614.22,538,5000.0,12,6.18,0.0915512480083026,False,False,False,False,False,True,False,False,False,False,False,True,0.5240150067444109,0,Medium Risk
53,54438.66,575,5000.0,9,1.17,0.0918464929151452,True,False,False,True,False,False,False,False,False,False,False,False,0.031226647228217833,1,Low Risk
49,56658.81,453,100.0,9,8.19,0.0017649505875608,True,False,False,True,False,False,False,False,False,False,False,True,0.622012227279703,1,High Risk
18,32255.03,414,5000.0,3,7.01,0.1550145822217496,False,False,False,True,False,False,False,True,False,False,False,False,0.5240068303602152,1,Medium Risk
43,74808.22,637,5000.0,12,6.1,0.0668375748012718,False,False,False,False,True,False,False,False,False,False,True,False,0.06986712133409367,0,Low Risk
50,6791.57,365,291.3,9,1.21,0.0428914080249485,False,True,False,False,False,True,False,True,False,False,False,False,0.40814297483795875,1,Medium Risk
46,29787.51,343,5000.0,12,9.66,0.1678555877950188,False,True,False,False,False,True,False,True,False,False,False,False,0.6667193941911741,1,High Risk
26,57201.15,540,5000.0,9,4.84,0.0874108300270186,False,False,False,False,False,False,False,False,True,False,False,False,0.5261668922428833,1,Medium Risk
20,33501.11,482,5000.0,3,5.24,0.1492487860849983,False,False,False,False,False,False,False,False,False,False,False,False,0.5208113843563283,1,Medium Risk
21,25549.61,388,5000.0,9,4.88,0.1956977034091714,False,False,False,False,False,False,False,False,True,False,False,False,0.6023829887342899,0,High Risk
40,11842.94,311,4158.93,3,7.02,0.3511737794838106,False,True,False,True,False,False,False,False,False,False,True,False,0.5640263233244277,1,Medium Risk
24,8670.3,300,2012.43,6,1.17,0.2321061554963496,False,True,False,True,False,False,False,False,False,True,False,False,0.6073270278670796,0,High Risk
45,20187.66,341,3062.4,12,7.37,0.1516966305158696,False,True,False,False,True,False,False,False,False,True,False,False,0.5593229194927869,1,Medium Risk
36,43484.36,439,5000.0,9,8.65,0.1149838700627076,False,False,False,False,True,False,False,True,False,False,False,False,0.6797559095033465,0,High Risk
51,20494.44,343,4823.73,12,5.11,0.2353677387623179,False,True,False,False,True,False,False,True,False,False,False,False,0.6161132204340085,0,High Risk
26,52978.09,486,5000.0,6,2.46,0.0943786384144841,False,False,False,False,False,True,False,False,True,False,False,False,0.6192795469130583,1,High Risk
18,43766.35,372,5000.0,3,1.42,0.1142430200370832,True,False,False,False,False,False,True,False,True,False,False,False,0.6083432457665787,0,High Risk
40,13299.81,300,4968.87,12,7.21,0.3736045853286626,False,False,True,True,False,False,False,False,True,False,False,False,0.6245998369524066,1,High Risk
29,18845.02,405,5000.0,6,7.67,0.2653220850919765,False,True,False,True,False,False,False,False,True,False,False,False,0.5660817279660385,0,Medium Risk
56,91336.27,725,5000.0,3,6.91,0.054742765387726,True,False,False,False,True,False,False,True,False,False,False,False,0.09789623238881935,0,Low Risk
48,10026.72,300,2724.1,12,8.47,0.2716840601911692,False,False,True,True,False,False,False,False,False,True,False,False,0.6318179640658276,1,High Risk
29,10003.49,333,2384.77,3,4.92,0.2383938005636033,False,True,False,True,False,False,False,False,False,True,False,False,0.5364951847495459,1,Medium Risk
35,51682.13,533,5000.0,6,6.6,0.0967452386347079,True,False,False,False,False,True,False,False,False,False,False,False,0.5373898524075345,0,Medium Risk
28,22121.97,428,100.0,9,1.27,0.0045203930753002,False,True,False,False,False,False,True,False,True,False,False,False,0.43445084841121706,1,Medium Risk
28,11358.28,306,4744.13,3,7.36,0.4176803177945956,False,False,True,False,False,True,False,False,True,False,False,False,0.6553425561416075,0,High Risk
32,44935.13,526,5000.0,9,2.45,0.1112715151819968,False,False,False,False,False,False,False,False,True,False,False,False,0.6146931971982051,0,High Risk
34,49456.6,538,5000.0,3,1.82,0.1010987411184756,True,False,False,False,False,False,True,False,False,True,False,False,0.4858626213199968,0,Medium Risk
51,87288.48,755,5000.0,3,7.61,0.0572813273870733,False,False,False,False,False,False,False,False,False,False,False,False,0.09319762219607916,1,Low Risk
28,49790.19,489,5000.0,6,2.68,0.1004213882292877,False,False,False,False,False,False,False,False,False,False,False,False,0.5729220385925633,1,Medium Risk
50,16340.41,300,4486.13,3,2.6,0.2745420708537913,False,False,True,False,False,False,False,False,False,True,False,False,0.6991239123979246,1,High Risk
36,64659.94,580,5000.0,12,7.19,0.077327631296905,True,False,False,True,False,False,False,False,False,False,True,False,0.13683707310951776,0,Low Risk
52,67792.41,633,5000.0,3,8.51,0.0737545692799533,True,False,False,False,False,True,False,False,False,True,False,False,0.06392481942159801,0,Low Risk
18,35467.8,389,5000.0,9,3.05,0.1409729388346612,False,False,False,False,False,False,False,False,False,False,True,False,0.62738726511951,0,High Risk
32,57640.57,490,5000.0,6,7.75,0.0867444579399544,True,False,False,False,False,False,False,False,False,False,False,True,0.6412277279581019,1,High Risk
45,74183.24,654,5000.0,6,2.82,0.067400668938159,True,False,False,False,False,False,True,False,True,False,False,False,0.0741949644807009,0,Low Risk
42,73430.55,595,5000.0,6,8.65,0.0680915504514129,False,False,False,False,False,False,False,True,False,False,False,False,0.07906753816358447,0,Low Risk
35,13958.43,401,5000.0,9,8.1,0.3582064745103854,False,True,False,False,False,False,False,False,False,False,True,False,0.5330499530260819,1,Medium Risk
38,8098.05,300,753.83,3,6.8,0.0930878421348349,False,True,False,False,False,False,True,False,False,True,False,False,0.6184913013328607,0,High Risk
48,58070.11,537,5000.0,9,6.36,0.0861028160614815,True,False,False,False,True,False,False,False,False,False,False,False,0.6821487928324275,1,High Risk
18,11620.59,329,5000.0,9,5.51,0.4302707521735127,False,False,True,True,False,False,False,False,False,False,False,True,0.5472306498691399,1,Medium Risk
26,58266.14,558,5000.0,3,7.96,0.085813132635867,False,False,False,False,False,False,True,False,False,False,True,False,0.1801011763340342,0,Low Risk
31,48759.23,437,5000.0,12,8.04,0.1025446874366145,False,False,False,False,False,True,False,False,False,False,False,False,0.6212642448179964,1,High Risk
59,34976.87,467,5000.0,12,4.68,0.1429516134519755,True,False,False,True,False,False,False,False,False,False,True,False,0.5995962662337813,0,Medium Risk
58,21407.17,388,5000.0,6,9.51,0.2335666040863879,False,True,False,False,True,False,False,True,False,False,False,False,0.6105418503553698,0,High Risk
48,63049.0,618,5000.0,12,3.55,0.0793033989436787,False,False,False,False,False,False,False,False,False,False,False,False,0.04232518303396983,0,Low Risk
49,75893.24,650,5000.0,6,3.61,0.0658820205857596,True,False,False,False,True,False,False,False,False,False,False,False,0.07077213280887065,0,Low Risk
49,14133.3,335,5000.0,9,6.8,0.3537744192792907,False,False,True,False,True,False,False,True,False,False,False,False,0.5980019219658363,1,Medium Risk
40,55042.9,549,5000.0,3,8.04,0.0908382370841652,False,False,False,False,False,True,False,False,False,False,False,True,0.3240164764638825,1,Low Risk
58,102617.89,756,5000.0,9,3.67,0.0487244475597773,True,False,False,False,True,False,False,False,False,False,True,False,0.1243973697397205,0,Low Risk
19,11097.24,328,2852.7,12,7.17,0.2570639185959752,False,False,True,False,True,False,False,False,False,False,False,True,0.5751682710309629,0,Medium Risk
58,6682.38,315,1712.39,6,3.08,0.2562545081243509,False,False,True,True,False,False,False,False,False,False,False,True,0.527057142726949,0,Medium Risk
27,23498.29,424,5000.0,12,3.61,0.2127814406920673,False,True,False,False,True,False,False,False,False,False,False,False,0.5855026378186043,1,Medium Risk
25,8942.36,309,1622.75,3,9.99,0.1814677557154934,False,False,True,False,True,False,False,True,False,False,False,False,0.4980990531132132,0,Medium Risk
29,74227.04,701,5000.0,3,4.43,0.0673608970531493,True,False,False,True,False,False,False,False,True,False,False,False,0.07605798430711844,0,Low Risk
56,68529.5,552,5000.0,12,8.49,0.0729612794489964,False,False,False,True,False,False,False,False,False,False,False,False,0.2774793395040309,0,Low Risk
20,11992.46,300,2638.64,6,2.86,0.2200249156553367,False,True,False,True,False,False,False,True,False,False,False,False,0.5991195163717651,1,Medium Risk
50,67053.01,628,5000.0,6,4.86,0.0745678680196459,True,False,False,False,True,False,False,False,False,False,False,True,0.06851901845028756,0,Low Risk
32,5847.18,306,2770.13,12,7.14,0.473754869868894,False,False,True,False,True,False,False,True,False,False,False,False,0.5934563975020645,0,Medium Risk
25,74719.76,680,1550.24,6,7.54,0.02074738998091,True,False,False,True,False,False,False,False,True,False,False,False,0.10079285428870055,0,Low Risk
36,59671.72,588,5000.0,12,8.94,0.083791786125823,False,False,False,False,True,False,False,False,True,False,False,False,0.0842093168826908,0,Low Risk
58,77832.09,632,5000.0,12,9.27,0.0642408548967398,True,False,False,False,True,False,False,False,False,True,False,False,0.12345618548049822,0,Low Risk
58,11015.56,356,2923.13,3,5.5,0.265363721862529,False,False,True,True,False,False,False,False,True,False,False,False,0.5319417492393725,1,Medium Risk
48,6649.17,399,3083.78,9,8.91,0.4637842016371968,False,True,False,False,True,False,False,False,False,True,False,False,0.5528815256897848,0,Medium Risk
48,5020.52,300,978.05,9,9.74,0.1948104977173679,True,False,False,True,False,False,False,False,True,False,False,False,0.6433075503665752,0,High Risk
44,16361.71,365,1266.87,6,7.74,0.0774289484412081,False,True,False,False,False,False,False,False,False,False,True,False,0.567553145798522,0,Medium Risk
32,16569.54,300,5000.0,3,6.58,0.3017585279977597,False,False,True,False,False,False,False,False,False,False,True,False,0.6906427296241344,0,High Risk
22,7994.82,323,3792.24,3,8.69,0.4743371332938077,False,False,True,False,False,False,True,False,False,True,False,False,0.5110834178958241,0,Medium Risk
57,73243.55,666,5000.0,12,2.94,0.068265396748246,True,False,False,False,True,False,False,False,False,False,False,True,0.08946604298789168,0,Low Risk
50,85299.98,604,5000.0,12,1.45,0.0586166608714327,False,False,False,False,False,False,False,True,False,False,False,False,0.10790567258303697,0,Low Risk
41,17243.17,384,2771.56,3,8.59,0.1607337861889664,False,True,False,False,False,False,True,False,False,True,False,False,0.5303641617309042,1,Medium Risk
36,55357.89,563,5000.0,9,9.41,0.0903213615981389,False,False,False,False,False,False,True,False,False,False,False,False,0.07248819386582739,0,Low Risk
33,7969.56,301,1669.44,12,8.63,0.2094770602141147,False,False,True,False,False,True,False,False,False,False,False,True,0.5804238293461075,1,Medium Risk
31,72944.06,618,5000.0,12,1.94,0.0685456773313687,True,False,False,False,False,False,True,False,False,True,False,False,0.07390074348570383,0,Low Risk
50,11532.97,300,1549.41,3,1.91,0.1343461398061384,False,False,True,False,False,False,True,False,False,False,False,True,0.6212069775609517,1,High Risk
31,57911.83,592,5000.0,6,5.54,0.0863381454186476,False,False,False,True,False,False,False,True,False,False,False,False,0.16047348597076713,0,Low Risk
31,20136.17,421,5000.0,6,9.84,0.2483093855484931,False,True,False,False,False,False,True,False,False,True,False,False,0.46661513973388474,0,Medium Risk
57,45563.38,505,5000.0,9,3.55,0.1097372495192411,True,False,False,False,False,False,False,False,True,False,False,False,0.6238857060577169,0,High Risk
28,46015.97,523,5000.0,12,6.28,0.1086579289755274,True,False,False,False,False,False,False,False,False,False,False,True,0.6247202339216859,0,High Risk
46,17439.14,410,162.63,3,4.58,0.0093255745409464,False,True,False,True,False,False,False,True,False,False,False,False,0.4836645329054416,1,Medium Risk
35,6060.38,307,1795.79,12,7.24,0.296316402601817,False,False,True,False,False,False,True,False,False,True,False,False,0.53941480768329,0,Medium Risk
55,11007.89,327,5000.0,6,7.88,0.4542196551746066,False,True,False,False,False,False,True,False,False,True,False,False,0.5235009508103828,0,Medium Risk
20,37824.02,491,5000.0,9,2.65,0.13219113145562,True,False,False,False,True,False,False,False,False,False,False,False,0.5941132586030218,1,Medium Risk
20,41916.27,446,5000.0,3,8.13,0.1192854230588742,True,False,False,False,False,False,False,False,False,False,False,False,0.6013070655508082,1,High Risk
40,100649.51,791,5000.0,3,4.47,0.0496773407043909,False,False,False,True,False,False,False,False,True,False,False,False,0.10400111152341135,0,Low Risk
27,12605.98,300,4114.33,9,5.88,0.3263792263671686,False,True,False,False,True,False,False,False,False,False,False,False,0.6586829170505218,1,High Risk
22,22833.18,362,2341.35,12,8.25,0.102541564512696,False,False,False,False,False,False,False,False,False,False,False,False,0.6279483388256089,1,High Risk
31,49469.11,513,5000.0,6,4.03,0.1010731747549127,False,False,False,False,False,False,True,False,False,True,False,False,0.5814993379981681,1,Medium Risk
18,40518.04,464,5000.0,12,3.42,0.1234018229904506,True,False,False,True,False,False,False,False,False,False,True,False,0.6345483619673069,1,High Risk
57,10375.57,300,1884.58,12,3.07,0.1816362860064555,False,False,True,False,False,True,False,False,False,True,False,False,0.5879199238028001,1,Medium Risk
53,22554.54,414,5000.0,6,4.97,0.2216848581261244,False,True,False,False,False,False,False,False,True,False,False,False,0.5937118581431191,0,Medium Risk
54,90910.89,713,5000.0,3,6.27,0.05499891157154,True,False,False,False,False,True,False,False,False,False,False,False,0.09672479762085247,0,Low Risk
24,30169.37,457,435.44,9,4.01,0.014433181733659,False,False,False,False,True,False,False,False,False,True,False,False,0.5443979912076267,1,Medium Risk
48,80543.39,666,5000.0,12,7.97,0.0620783406310561,True,False,False,False,False,False,False,False,False,False,True,False,0.08046875741227795,0,Low Risk
45,10994.34,353,1497.13,6,9.31,0.1361727943651006,False,True,False,False,False,False,True,False,False,False,False,True,0.4982619018934059,0,Medium Risk
37,5102.23,306,1967.02,6,6.76,0.3855216248581503,False,False,True,False,False,False,False,False,False,False,False,True,0.54034792114151,0,Medium Risk
26,16648.06,365,5000.0,3,9.22,0.3003352943225817,False,True,False,False,False,False,False,False,True,False,False,False,0.6093452116013305,0,High Risk
34,90325.77,761,5000.0,9,8.57,0.0553551882259071,True,False,False,False,False,False,True,False,False,False,False,True,0.12445431445805001,0,Low Risk
39,25514.06,370,5000.0,3,4.8,0.1959703786853209,False,True,False,True,False,False,False,False,False,False,True,False,0.6157566710836516,1,High Risk
50,49143.88,533,5000.0,9,4.85,0.1017420683918323,False,False,False,False,False,False,False,False,False,False,False,True,0.5708636395597941,1,Medium Risk
41,8940.51,332,4875.71,12,7.37,0.5453503211785458,False,False,True,False,True,False,False,False,False,False,False,True,0.5431250313727453,0,Medium Risk
59,58454.69,508,4478.41,6,2.25,0.076613356430425,False,False,False,False,True,False,False,False,True,False,False,False,0.41746468664857983,1,Medium Risk
40,49308.06,564,2414.8,9,8.38,0.0489737377621427,True,False,False,False,False,False,False,False,False,False,True,False,0.11006490551426634,0,Low Risk
38,7141.37,376,1810.79,9,8.77,0.2535633918981932,False,False,True,False,False,True,False,True,False,False,False,False,0.5150521928608177,1,Medium Risk
19,55458.27,576,5000.0,12,1.89,0.0901578790683517,True,False,False,False,False,False,False,False,False,True,False,False,0.09153011907598801,0,Low Risk
45,11746.68,360,3215.63,12,3.4,0.2737479866651683,False,True,False,False,True,False,False,True,False,False,False,False,0.5409673080594214,1,Medium Risk
30,21960.01,380,5000.0,6,2.67,0.2276865994141168,False,True,False,False,False,False,False,False,False,False,True,False,0.6036492662539573,0,High Risk
18,9770.95,315,4400.97,9,3.2,0.4504137264032668,False,True,False,False,False,False,True,False,False,False,False,True,0.46848484806298146,1,Medium Risk
23,32248.59,402,5000.0,3,6.24,0.1550455384250908,False,False,False,False,False,False,True,False,False,False,False,False,0.5859098897075463,0,Medium Risk
30,54163.29,535,5000.0,3,1.38,0.0923134469859567,False,False,False,True,False,False,False,False,False,True,False,False,0.47650929081067434,0,Medium Risk
21,33669.13,400,5000.0,9,7.23,0.1485039856984721,False,False,False,False,False,True,False,False,False,False,False,False,0.599274880776417,1,Medium Risk
40,12178.7,314,4598.34,9,8.02,0.37757231888461,False,True,False,False,False,False,False,False,True,False,False,False,0.5943611773904631,0,Medium Risk
28,85484.7,589,5000.0,12,7.01,0.058489998795106,False,False,False,False,False,True,False,False,False,False,False,False,0.12692925357415535,0,Low Risk
54,71239.14,689,5000.0,12,5.83,0.0701861364412877,False,False,False,False,False,False,True,False,False,True,False,False,0.05798516045539108,0,Low Risk
44,16365.13,378,5000.0,3,3.95,0.3055276676690011,False,False,True,False,False,False,True,True,False,False,False,False,0.6169459428246002,0,High Risk
57,60856.42,590,5000.0,3,8.04,0.0821606003113558,True,False,False,False,True,False,False,False,False,False,False,True,0.08149442494958314,0,Low Risk
20,10088.03,300,100.0,3,6.59,0.0099127381659253,False,True,False,False,False,False,False,False,False,True,False,False,0.5582422277091593,0,Medium Risk
28,7536.25,337,2159.9,3,1.71,0.2866014264388787,False,False,True,False,False,True,False,False,False,False,True,False,0.5272605079640575,1,Medium Risk
54,27164.46,373,4909.26,12,3.08,0.1807236366929436,False,True,False,False,False,False,True,False,False,True,False,False,0.6006263113726967,0,High Risk
29,73584.15,610,5000.0,9,6.95,0.0679494157369487,True,False,False,False,False,False,False,False,True,False,False,False,0.0850636807935941,1,Low Risk
40,72208.42,660,5000.0,3,2.15,0.0692440022922534,True,False,False,False,False,True,False,False,False,False,False,True,0.0826389195807994,0,Low Risk
38,26718.13,455,5000.0,6,3.83,0.1871388454206937,True,False,False,False,False,True,False,True,False,False,False,False,0.5421646702075024,0,Medium Risk
46,27652.41,491,5000.0,3,5.29,0.1808160663030817,False,False,False,False,True,False,False,True,False,False,False,False,0.5453869208760626,1,Medium Risk
35,9991.92,301,3900.62,6,3.07,0.3903774249593671,False,False,True,False,True,False,False,False,False,True,False,False,0.6672960030117607,0,High Risk
29,11939.65,300,3341.75,9,1.66,0.2798867638498616,False,False,True,True,False,False,False,False,False,False,True,False,0.6642305657867708,1,High Risk
59,70880.58,554,5000.0,9,2.18,0.0705411834948303,False,False,False,False,True,False,False,False,False,False,False,False,0.26621042055348904,1,Low Risk
19,8320.83,300,100.0,6,5.51,0.0120180318549952,False,False,True,False,False,False,False,False,False,False,False,True,0.5170496467971388,0,Medium Risk
41,9584.17,304,3259.6,6,5.59,0.3401024814877031,False,False,True,True,False,False,False,True,False,False,False,False,0.5733232326339422,0,Medium Risk
38,30412.78,400,1069.84,3,5.64,0.0351773169042751,True,False,False,False,False,False,True,False,False,False,True,False,0.5546568143515864,0,Medium Risk
34,72063.24,685,5000.0,6,7.23,0.0693835026013262,True,False,False,False,False,False,False,False,False,False,False,True,0.08341842385694369,1,Low Risk
43,14542.56,399,4329.95,6,6.75,0.2977433134193704,False,True,False,False,True,False,False,False,False,False,True,False,0.5785462091887037,0,Medium Risk
48,121134.47,843,5000.0,9,5.56,0.0412764426178609,True,False,False,True,False,False,False,False,True,False,False,False,0.09535744462615094,0,Low Risk
48,70086.05,572,4778.42,3,3.6,0.0681793309795601,True,False,False,False,False,False,False,True,False,False,False,False,0.19506428562327188,0,Low Risk
43,15675.36,361,5000.0,6,7.43,0.3189719406763225,False,False,True,False,False,False,True,False,False,True,False,False,0.5811089183645693,0,Medium Risk
57,11379.28,301,2011.15,3,1.72,0.176737895543479,False,False,True,True,False,False,False,False,False,False,False,False,0.6367779071605105,1,High Risk
55,14393.45,301,2122.04,3,1.53,0.147430949494388,False,False,True,True,False,False,False,True,False,False,False,False,0.638183785590016,0,High Risk
56,28781.71,425,5000.0,3,9.58,0.1737214362871421,False,False,False,False,True,False,False,True,False,False,False,False,0.5844042615151516,0,Medium Risk
40,71573.34,676,5000.0,3,8.26,0.0698584137613251,True,False,False,False,False,True,False,False,False,False,False,True,0.0758783147113953,0,Low Risk
46,63392.67,528,5000.0,12,6.99,0.078873472279997,True,False,False,False,False,False,False,True,False,False,False,False,0.70444460421082,1,High Risk
38,14874.27,365,4269.28,12,7.3,0.2870245060766007,False,True,False,False,False,False,False,False,False,True,False,False,0.5468873160238885,0,Medium Risk
47,78544.41,607,5000.0,6,5.13,0.063658253973771,True,False,False,False,False,False,True,False,False,False,True,False,0.1312148836773643,0,Low Risk
21,6258.91,300,1646.09,3,1.82,0.2629994679584784,False,False,True,False,False,True,False,True,False,False,False,False,0.5778457531517485,1,Medium Risk
21,31499.84,415,5000.0,6,7.74,0.1587309649826792,False,False,False,False,False,False,True,False,False,False,True,False,0.5797098859468813,1,Medium Risk
54,12047.75,300,4070.57,12,4.59,0.3378697267124567,False,True,False,False,False,False,False,False,False,False,False,False,0.5937694901156931,1,Medium Risk
49,24784.05,344,5000.0,3,1.1,0.201742653036933,False,True,False,False,True,False,False,False,True,False,False,False,0.5573516042169341,1,Medium Risk
54,15901.71,354,2537.33,6,4.22,0.1595633425587562,False,False,True,False,False,True,False,False,False,False,False,True,0.4997174906189917,1,Medium Risk
24,49187.67,452,5000.0,9,4.38,0.101651491115558,True,False,False,False,True,False,False,False,True,False,False,False,0.6304828807368635,1,High Risk
44,17030.86,300,4220.56,12,1.75,0.2478183720610703,False,False,True,True,False,False,False,False,True,False,False,False,0.6954563380348157,0,High Risk
49,83511.96,709,5000.0,6,5.85,0.0598716638910163,False,False,False,False,False,False,False,False,False,False,False,False,0.08353363596368922,0,Low Risk
52,8730.33,364,2492.75,12,7.54,0.2855275802861977,False,True,False,False,True,False,False,True,False,False,False,False,0.5541523473174865,0,Medium Risk
53,8459.51,300,4218.99,6,2.11,0.4987274676665669,False,False,True,False,False,False,True,False,False,True,False,False,0.5911972997050137,1,Medium Risk
36,18008.91,365,5000.0,9,3.12,0.2776403458066035,False,True,False,False,False,False,True,False,False,False,False,False,0.5945076059229918,0,Medium Risk
37,58055.09,612,5000.0,12,2.53,0.0861250925629432,True,False,False,True,False,False,False,False,False,False,True,False,0.11379484316622573,0,Low Risk
22,19325.98,380,5000.0,3,2.0,0.2587190921236594,True,False,False,False,False,False,True,False,False,True,False,False,0.5122795100728122,0,Medium Risk
38,59859.65,578,5000.0,3,7.77,0.0835287209330492,False,False,False,False,False,False,False,False,False,True,False,False,0.08655099773476488,0,Low Risk
38,56474.55,606,5000.0,3,9.85,0.0885354553511271,True,False,False,False,False,False,True,False,False,True,False,False,0.13161198698269394,0,Low Risk
19,25766.45,417,4596.16,3,9.44,0.1783776965783023,False,False,False,False,True,False,False,False,True,False,False,False,0.5161035525551565,1,Medium Risk
46,11775.75,327,5000.0,9,7.87,0.424601405430652,False,False,True,False,True,False,False,True,False,False,False,False,0.6154795289292893,0,High Risk
26,51393.8,576,5000.0,3,3.17,0.0972879997198105,True,False,False,True,False,False,False,True,False,False,False,False,0.08626954882159804,0,Low Risk
48,7584.43,375,4073.6,12,3.8,0.5371003490044736,False,False,True,False,False,True,False,False,True,False,False,False,0.4846921743797983,1,Medium Risk
55,67070.88,632,5000.0,6,3.5,0.0745480005629865,False,False,False,True,False,False,False,False,False,True,False,False,0.10152621655334564,0,Low Risk
33,20827.54,364,5000.0,6,9.39,0.240066757763999,False,True,False,False,False,True,False,False,False,False,False,True,0.6279530065676601,1,High Risk
53,10772.85,300,5000.0,9,4.23,0.46412973354312,False,False,True,False,True,False,False,True,False,False,False,False,0.6767174698709986,1,High Risk
32,10752.24,300,1651.35,6,7.14,0.15358195129573,False,False,True,False,False,False,False,False,True,False,False,False,0.6413153701651649,0,High Risk
27,16800.51,331,1500.09,6,5.27,0.0892883608890444,False,True,False,False,False,True,False,False,False,False,False,False,0.5763731873969277,0,Medium Risk
21,8261.59,355,2914.76,12,9.83,0.3528085997973756,False,True,False,False,True,False,False,False,False,False,True,False,0.5563966648579398,1,Medium Risk
28,12147.4,300,2322.21,3,6.02,0.1911693037193144,False,False,True,False,True,False,False,False,False,False,False,False,0.6685990906015085,1,High Risk
33,24178.65,445,238.3,3,4.43,0.0098558025365353,False,True,False,False,True,False,False,False,False,True,False,False,0.57481415791728,0,Medium Risk
53,85248.2,713,5000.0,9,4.15,0.0586522647985529,True,False,False,True,False,False,False,False,False,False,False,False,0.07013484640868611,0,Low Risk
23,35468.23,407,4357.42,12,3.55,0.1228541711836198,True,False,False,False,True,False,False,False,True,False,False,False,0.5705205594679553,0,Medium Risk
46,75403.23,673,5000.0,12,6.09,0.0663101567399699,False,False,False,False,False,True,False,False,False,False,False,False,0.06571654421909484,0,Low Risk
43,71183.99,717,5000.0,12,7.62,0.070240513351387,True,False,False,True,False,False,False,False,False,False,False,True,0.10957139177960139,0,Low Risk
33,12866.7,334,3062.71,12,3.47,0.2380338392905717,False,True,False,True,False,False,False,True,False,False,False,False,0.5803982667190054,1,Medium Risk
35,71544.96,651,5000.0,9,1.95,0.0698861247528826,True,False,False,False,False,False,True,True,False,False,False,False,0.0791419669842578,0,Low Risk
42,45778.15,513,5000.0,12,1.56,0.1092224128760118,True,False,False,True,False,False,False,True,False,False,False,False,0.659199135497242,0,High Risk
35,10369.53,300,4514.91,6,6.46,0.4354016045085939,False,False,True,False,False,False,True,False,False,True,False,False,0.6560578401321381,1,High Risk
48,83899.02,681,5000.0,12,2.41,0.0595954517704735,False,False,False,True,False,False,False,True,False,False,False,False,0.09427303302965524,0,Low Risk
26,9922.32,301,4539.63,12,8.9,0.4575169919938079,False,False,True,True,False,False,False,True,False,False,False,False,0.6012558334728937,0,High Risk
33,12795.07,356,4803.38,6,7.2,0.3754086534891954,False,True,False,False,False,False,False,False,False,False,False,False,0.5615272982639155,0,Medium Risk
58,55172.3,567,5000.0,6,6.87,0.090625186914448,True,False,False,False,False,True,False,False,False,False,False,True,0.10325997085436349,0,Low Risk
28,50517.98,534,5000.0,12,2.26,0.0989746620906061,False,False,False,False,False,False,True,True,False,False,False,False,0.5398492614981725,0,Medium Risk
51,21703.77,408,5000.0,6,6.85,0.230374722916802,False,True,False,False,False,False,False,False,False,False,False,False,0.5951988601923472,1,Medium Risk
24,26865.41,436,5000.0,3,1.06,0.1861129236441952,False,False,False,False,False,False,True,False,False,False,False,True,0.5174965434922231,1,Medium Risk
52,19403.98,361,5000.0,3,3.58,0.2576790947011901,False,False,True,False,True,False,False,True,False,False,False,False,0.6190802629030817,1,High Risk
31,10170.4,391,3988.77,9,8.79,0.3921940140014159,False,False,True,False,False,False,True,True,False,False,False,False,0.49027447291374604,0,Medium Risk
29,13609.14,382,4271.63,12,4.47,0.3138794956918659,False,False,True,False,False,False,False,False,False,True,False,False,0.5444329363357476,0,Medium Risk
24,7682.92,322,2258.07,12,1.69,0.2939077850608883,False,True,False,False,False,True,False,True,False,False,False,False,0.6061009588230823,1,High Risk
52,12787.4,375,2572.9,9,9.31,0.2012058745327432,False,True,False,False,False,True,False,True,False,False,False,False,0.5500022881152231,0,Medium Risk
21,5590.83,300,100.0,3,4.57,0.0178864318893616,False,True,False,False,False,False,True,True,False,False,False,False,0.5545197744874522,1,Medium Risk
29,18193.01,312,5000.0,9,9.53,0.274830827883896,False,True,False,True,False,False,False,False,False,False,False,True,0.6281273600773699,1,High Risk
38,64850.27,601,5000.0,12,8.05,0.0771006813078804,True,False,False,False,False,False,False,True,False,False,False,False,0.07680221813695619,0,Low Risk
53,5283.16,300,1040.73,9,7.2,0.1969900589798529,False,False,True,False,True,False,False,True,False,False,False,False,0.6255974571560837,1,High Risk
47,52512.16,506,5000.0,6,5.01,0.0952160413892705,False,False,False,True,False,False,False,False,False,False,False,False,0.6199171014723774,0,High Risk
23,8277.36,300,4134.6,3,9.25,0.4995070892168518,False,False,True,False,False,False,False,False,False,False,False,False,0.6311993528291155,1,High Risk
38,29249.5,444,5000.0,12,3.2,0.1709430930443255,True,False,False,False,False,True,False,False,False,False,False,False,0.6265257130720674,0,High Risk
45,53019.64,484,5000.0,3,1.4,0.0943046765311873,False,False,False,False,False,False,True,False,False,True,False,False,0.5954735260757883,1,Medium Risk
48,50991.97,541,5000.0,6,4.29,0.0980546544877556,False,False,False,False,False,False,False,False,False,False,False,False,0.535897458496213,0,Medium Risk
27,62503.91,548,5000.0,3,5.27,0.0799949955130807,True,False,False,False,False,False,True,False,False,True,False,False,0.4610656980382112,1,Medium Risk
23,39986.86,457,5000.0,12,7.59,0.1250410759934638,True,False,False,False,True,False,False,True,False,False,False,False,0.5792776941191784,1,Medium Risk
44,15011.99,325,5000.0,3,3.87,0.3330671016967104,False,False,True,False,False,True,False,False,False,False,False,True,0.6152874821128692,1,High Risk
58,70899.17,673,5000.0,6,4.06,0.0705226873600918,True,False,False,False,True,False,False,False,False,False,False,True,0.061335583394893776,0,Low Risk
22,61167.95,585,5000.0,6,6.77,0.081742154183686,True,False,False,False,False,True,False,False,False,False,False,True,0.12321220559513563,0,Low Risk
24,10910.93,300,4270.38,6,9.12,0.3913855189246012,False,False,True,False,False,False,True,False,False,False,False,False,0.661749216930508,1,High Risk
35,13664.78,366,1884.37,9,5.2,0.1378997686022021,False,True,False,False,True,False,False,False,False,False,False,True,0.5548253275349687,0,Medium Risk
46,10227.29,425,5000.0,6,6.71,0.488888063211271,False,False,True,False,True,False,False,False,False,False,False,True,0.5828453377064821,0,Medium Risk
59,70630.83,593,5000.0,6,2.46,0.0707906165055684,True,False,False,False,False,False,False,False,False,False,False,True,0.13020078864394147,1,Low Risk
33,56791.46,520,5000.0,9,2.51,0.0880414062255134,True,False,False,False,True,False,False,False,False,False,False,True,0.584781625200219,1,Medium Risk
33,11670.86,369,3925.02,12,9.9,0.3363094065047477,False,False,True,False,True,False,False,False,False,True,False,False,0.4848383210512204,0,Medium Risk
25,35084.05,454,5000.0,9,8.93,0.142514903496033,False,False,False,True,False,False,False,True,False,False,False,False,0.5931419277261988,1,Medium Risk
37,83556.66,714,5000.0,9,3.06,0.0598396345665324,False,False,False,False,False,False,False,False,False,False,False,False,0.1054581133005059,0,Low Risk
37,15664.6,394,5000.0,3,3.08,0.319191042222591,False,True,False,False,False,False,False,False,False,True,False,False,0.5239493385577043,1,Medium Risk
36,10671.72,350,2720.58,3,5.94,0.254933600206902,False,False,True,False,True,False,False,False,False,False,True,False,0.6286707254478032,0,High Risk
57,28806.05,410,5000.0,9,3.19,0.173574648381156,False,True,False,False,True,False,False,False,False,False,False,False,0.5583478536351074,1,Medium Risk
54,75203.31,682,5000.0,12,4.04,0.0664864352380234,False,False,False,False,False,False,True,False,False,False,True,False,0.05341852675619907,0,Low Risk
49,8268.86,300,2977.21,12,1.14,0.3600508413493516,False,False,True,True,False,False,False,False,False,True,False,False,0.5585983626526453,1,Medium Risk
37,94540.59,758,5000.0,6,3.91,0.0528873365397867,True,False,False,False,False,True,False,False,False,False,True,False,0.10290832354671652,0,Low Risk
28,12196.68,348,3887.33,6,3.08,0.3187203402893246,False,False,True,True,False,False,False,False,True,False,False,False,0.5519293494784406,0,Medium Risk
18,11749.08,346,827.34,9,6.48,0.0704174284284386,False,False,True,False,False,False,False,False,False,False,False,False,0.5614969911891023,1,Medium Risk
46,19246.15,346,5000.0,9,8.65,0.2597922181838965,False,True,False,False,False,False,False,False,False,False,False,True,0.6068506411797171,1,High Risk
21,10503.59,376,1088.1,3,1.09,0.1035931524364526,False,False,True,False,False,True,False,False,False,False,False,False,0.543815419543307,0,Medium Risk
25,61741.77,618,5000.0,9,5.59,0.0809824532079336,False,False,False,False,False,False,False,False,False,True,False,False,0.053666608140531806,0,Low Risk
36,61814.85,522,5000.0,6,9.07,0.0808867124970779,False,False,False,False,False,False,True,False,False,True,False,False,0.7131851889727133,0,High Risk
28,9069.01,300,100.0,12,9.87,0.0110265618849245,False,False,True,False,False,False,False,False,False,False,False,False,0.6765803781371905,1,High Risk
47,13753.98,336,3605.12,6,9.54,0.262114675170387,False,True,False,True,False,False,False,True,False,False,False,False,0.5570969340195672,0,Medium Risk
47,79780.16,627,5000.0,12,3.31,0.0626722232695447,True,False,False,False,False,False,False,False,False,False,False,True,0.12960504056130928,0,Low Risk
43,67977.22,635,4007.24,12,4.91,0.0589497481656354,True,False,False,False,False,True,False,False,False,False,True,False,0.10533911475683289,0,Low Risk
26,56458.48,556,5000.0,3,7.95,0.0885606555472269,True,False,False,False,False,False,True,False,True,False,False,False,0.13283606067976136,0,Low Risk
28,38420.85,517,5000.0,6,3.74,0.1301376726438899,False,False,False,True,False,False,False,False,False,True,False,False,0.5417844543321613,0,Medium Risk
44,105762.46,796,5000.0,3,9.75,0.0472757536086055,True,False,False,False,False,False,False,False,False,False,False,False,0.06000655386560827,1,Low Risk
37,20867.44,391,5000.0,3,3.99,0.2396077333875166,False,False,False,False,True,False,False,False,False,False,False,True,0.6069566640459567,1,High Risk
57,87299.05,710,5000.0,12,8.3,0.0572743918748256,True,False,False,True,False,False,False,True,False,False,False,False,0.11280298419703222,0,Low Risk
36,90245.47,720,5000.0,3,1.2,0.055404443015256,False,False,False,True,False,False,False,False,False,False,False,True,0.11747432561302272,0,Low Risk
48,84994.87,610,5000.0,3,4.53,0.0588270797990514,False,False,False,False,False,True,False,True,False,False,False,False,0.1251095819422764,0,Low Risk
35,97888.69,781,5000.0,3,8.58,0.0510784238710314,True,False,False,False,False,False,False,False,False,False,False,False,0.0698291880263254,0,Low Risk
26,6506.99,310,2202.68,6,5.38,0.338509817903516,False,False,True,True,False,False,False,False,False,False,False,True,0.5408531001436672,1,Medium Risk
51,56503.9,555,5000.0,6,8.44,0.0884894670987312,False,False,False,False,False,False,True,False,True,False,False,False,0.1519178879607065,0,Low Risk
35,11693.06,300,1722.73,9,9.79,0.1473292705245675,False,False,True,True,False,False,False,False,False,False,False,False,0.6145501660686338,1,High Risk
35,55123.44,515,5000.0,6,8.94,0.0907055147501679,False,False,False,False,False,True,False,False,False,False,False,False,0.5554830354254419,0,Medium Risk
42,44897.49,517,5000.0,9,5.1,0.1113648001257976,False,False,False,True,False,False,False,False,True,False,False,False,0.6359044446540861,1,High Risk
42,15173.51,349,5000.0,3,4.87,0.3295216466064872,False,False,True,True,False,False,False,False,False,False,False,True,0.5554975438069327,1,Medium Risk
50,19488.96,365,5000.0,3,8.99,0.2565555062968984,False,True,False,False,False,True,False,False,False,False,False,True,0.6267683085519384,0,High Risk
40,5000.0,300,349.95,6,8.15,0.06999,False,False,True,False,True,False,False,False,True,False,False,False,0.482526152690668,0,Medium Risk
21,51048.43,435,5000.0,12,7.06,0.0979462052016095,False,False,False,False,False,False,False,True,False,False,False,False,0.6482289540336345,1,High Risk
18,50843.78,502,5000.0,9,8.56,0.0983404459699888,True,False,False,False,False,False,False,False,False,False,False,True,0.6619470424909484,1,High Risk
52,78715.72,638,5000.0,9,6.82,0.0635197137242726,False,False,False,False,False,False,True,False,False,True,False,False,0.07334169338648693,0,Low Risk
50,16455.98,300,5000.0,9,3.91,0.3038409137590104,False,False,True,True,False,False,False,False,False,False,False,False,0.6741343043382448,1,High Risk
45,94341.24,779,5000.0,12,1.16,0.0529990913835773,False,False,False,False,False,True,False,False,False,False,True,False,0.13640464655017437,0,Low Risk
37,48473.73,536,5000.0,9,9.05,0.1031486539203812,False,False,False,False,False,False,True,False,True,False,False,False,0.5353545056282905,1,Medium Risk
53,14479.12,417,100.0,6,5.1,0.006906497079933,False,False,True,True,False,False,False,False,False,True,False,False,0.4889647553658,1,Medium Risk
28,11314.52,320,2288.34,3,2.17,0.2022480847618812,False,False,True,True,False,False,False,False,False,False,True,False,0.5630646089204978,1,Medium Risk
47,49844.16,523,3444.23,6,2.62,0.069099970788955,False,False,False,True,False,False,False,False,False,False,False,False,0.4447323512788536,0,Medium Risk
29,39841.31,415,5000.0,12,9.75,0.1254978814702629,False,False,False,True,False,False,False,False,True,False,False,False,0.6633336588827785,1,High Risk
27,5070.27,306,1819.4,9,5.25,0.3588369061213702,False,False,True,False,True,False,False,True,False,False,False,False,0.5989278493849369,0,Medium Risk
27,43384.51,541,5000.0,6,5.53,0.1152485068979688,False,False,False,False,False,True,False,False,True,False,False,False,0.6186308637392607,1,High Risk
20,9721.9,343,3460.4,9,4.29,0.3559386539668172,False,False,True,True,False,False,False,False,True,False,False,False,0.5526534501892687,1,Medium Risk
43,112535.2,760,5000.0,3,6.34,0.0444305426213309,True,False,False,False,False,False,True,False,False,False,False,True,0.10774720169942135,1,Low Risk
48,24407.04,349,5000.0,6,8.74,0.2048589259492343,True,False,False,False,True,False,False,False,False,True,False,False,0.566053701853422,0,Medium Risk
28,5000.0,300,1905.5,9,1.17,0.3811,False,False,True,False,True,False,False,False,False,False,False,False,0.677541597487869,1,High Risk
55,38573.44,455,5000.0,3,7.88,0.1296228700369995,True,False,False,False,True,False,False,False,False,False,False,True,0.5732684979025457,1,Medium Risk
36,14547.66,356,4437.36,9,4.54,0.3050222510011919,False,False,True,False,False,False,False,False,False,False,False,True,0.5956787396276058,0,Medium Risk
29,33922.52,501,100.0,3,7.63,0.0029478942012562,False,False,False,False,False,False,False,True,False,False,False,False,0.5085328665515915,1,Medium Risk
33,7442.19,300,4197.76,3,3.46,0.5640490232041913,False,False,True,False,False,False,False,False,False,False,True,False,0.6534199762776092,1,High Risk
42,75288.35,694,5000.0,3,3.43,0.0664113372121981,False,False,False,False,False,True,False,False,True,False,False,False,0.07231159330478637,0,Low Risk
33,13150.73,366,3279.97,6,3.3,0.2494135306557126,False,False,True,False,False,True,False,False,False,False,False,True,0.5533731240085875,1,Medium Risk
59,9855.63,333,5000.0,12,4.59,0.5073242400536546,False,False,True,True,False,False,False,True,False,False,False,False,0.6363366370072533,1,High Risk
39,48469.78,585,1080.47,6,9.11,0.0222916217073813,True,False,False,True,False,False,False,False,True,False,False,False,0.15090267364843565,0,Low Risk
52,89832.95,749,5000.0,6,6.15,0.0556588645925576,True,False,False,False,False,False,False,False,True,False,False,False,0.11783940033066814,0,Low Risk
49,13160.84,391,5000.0,9,6.76,0.3799149598353904,False,False,True,False,True,False,False,False,False,False,True,False,0.573043104374825,1,Medium Risk
32,10238.46,354,4693.34,6,6.0,0.4584029238772237,False,False,True,True,False,False,False,True,False,False,False,False,0.5784689920161765,0,Medium Risk
40,9608.96,300,2114.95,3,4.56,0.2201018632609564,False,False,True,False,False,False,False,True,False,False,False,False,0.6073091972423543,0,High Risk
41,87404.39,683,5000.0,12,1.14,0.0572053646275661,True,False,False,True,False,False,False,False,False,False,False,False,0.21288206809549276,0,Low Risk
24,32122.0,375,5000.0,3,5.86,0.1556565593674117,True,False,False,False,True,False,False,False,True,False,False,False,0.6023826292631737,0,High Risk
19,15269.01,415,4162.9,9,3.23,0.2726371912782819,True,False,False,False,False,False,True,False,True,False,False,False,0.4171148322103694,1,Medium Risk
48,58389.14,643,5000.0,12,5.4,0.0856323624564431,False,False,False,True,False,False,False,False,True,False,False,False,0.07930324581730339,0,Low Risk
22,35351.11,398,5000.0,3,7.3,0.1414382744983113,True,False,False,False,False,False,False,False,False,False,True,False,0.5786796539815177,1,Medium Risk
23,9170.9,307,3563.27,9,6.24,0.3885409283712613,False,False,True,False,False,True,False,False,False,False,True,False,0.6186468734069779,1,High Risk
32,19692.35,322,2452.58,6,7.03,0.1245448105482586,False,True,False,False,False,False,True,False,False,False,False,False,0.5926099853102856,0,Medium Risk
42,31217.13,480,5000.0,12,7.42,0.1601684716051731,False,False,False,False,False,False,False,False,False,False,False,False,0.5806731405238726,1,Medium Risk
53,17205.07,346,5000.0,6,3.86,0.2906120114594128,False,True,False,False,True,False,False,False,True,False,False,False,0.598147699975994,0,Medium Risk
30,9334.16,367,5000.0,6,8.25,0.5356668409369456,False,True,False,True,False,False,False,False,False,True,False,False,0.5364961867490251,1,Medium Risk
53,17725.71,370,5000.0,3,8.59,0.2820761481486496,False,True,False,False,False,False,False,True,False,False,False,False,0.6367166723977473,0,High Risk
20,7178.79,300,3148.59,3,8.77,0.4385961979665097,False,True,False,True,False,False,False,False,False,False,False,True,0.5522686032517354,0,Medium Risk
45,9812.99,300,4557.34,6,1.2,0.4644191016193841,False,False,True,False,False,False,False,False,False,False,False,True,0.5941725302417716,1,Medium Risk
22,7645.54,300,1047.37,12,1.57,0.1369909777465031,False,False,True,True,False,False,False,False,True,False,False,False,0.6308120532489807,1,High Risk
51,74729.51,634,5000.0,12,3.85,0.0669079724997527,True,False,False,False,False,False,True,True,False,False,False,False,0.08875236063199736,0,Low Risk
42,77550.04,635,5000.0,12,6.19,0.0644744993039333,True,False,False,False,True,False,False,True,False,False,False,False,0.11204917250223151,0,Low Risk
30,52293.6,531,5000.0,9,5.49,0.0956139948291951,False,False,False,False,True,False,False,False,False,False,False,True,0.6161684253588375,0,High Risk
45,69853.57,675,5000.0,12,1.1,0.0715783030130027,False,False,False,False,False,False,True,False,False,True,False,False,0.06336039269329459,0,Low Risk
34,19078.92,305,2900.83,3,7.26,0.152043721552373,False,False,False,False,True,False,False,False,False,False,False,True,0.630695428746773,0,High Risk
25,13151.28,417,3560.37,9,1.94,0.2707242184791138,False,True,False,False,False,False,True,False,False,True,False,False,0.4801933104158164,0,Medium Risk
37,6677.08,300,2361.86,3,1.73,0.353726479239428,False,False,True,False,False,False,False,False,False,True,False,False,0.6187769845914215,0,High Risk
51,10094.27,300,2575.91,12,6.8,0.2551853675401985,False,False,True,False,False,False,False,True,False,False,False,False,0.669197939499373,0,High Risk
34,60041.84,586,5000.0,9,6.16,0.0832752627167988,True,False,False,False,True,False,False,False,False,False,False,False,0.13160251992505606,0,Low Risk
50,13395.05,330,5000.0,12,6.65,0.3732722162291294,False,True,False,False,False,True,False,False,False,False,True,False,0.6012599074928225,1,High Risk
45,89157.08,711,5000.0,3,5.24,0.0560807958268709,True,False,False,True,False,False,False,False,False,False,True,False,0.07321538997940205,0,Low Risk
19,6419.2,341,940.71,6,7.75,0.1465462986041874,False,False,True,True,False,False,False,False,False,True,False,False,0.5165672260173197,1,Medium Risk
23,5479.37,308,294.86,12,9.4,0.0538127558460188,False,True,False,False,True,False,False,False,False,True,False,False,0.5246782082555255,0,Medium Risk
33,10267.63,311,4610.65,6,8.13,0.4490471510952381,False,True,False,False,True,False,False,False,False,False,False,True,0.5189604218092807,0,Medium Risk
58,73175.04,669,5000.0,12,9.08,0.0683293101035544,True,False,False,False,False,False,False,False,True,False,False,False,0.10429270712873602,0,Low Risk
33,9023.63,313,4110.96,12,6.98,0.4555771901108534,False,False,True,True,False,False,False,True,False,False,False,False,0.5787073163221318,1,Medium Risk
28,20301.57,382,4295.04,3,7.51,0.2115619629417823,False,True,False,False,False,False,True,False,False,False,True,False,0.593466584869986,1,Medium Risk
54,5313.44,300,1110.99,3,8.26,0.2090905326869222,False,False,True,False,False,False,True,False,False,False,False,False,0.5769956460027206,0,Medium Risk
48,75711.67,716,5000.0,6,2.93,0.0660400173447501,False,False,False,False,True,False,False,False,False,False,True,False,0.05901695738283688,0,Low Risk
35,21607.85,422,5000.0,9,7.49,0.2313973856723367,False,True,False,False,True,False,False,False,False,True,False,False,0.5393840086014431,1,Medium Risk
29,19329.44,406,5000.0,12,3.25,0.2586727810014155,False,True,False,False,False,True,False,True,False,False,False,False,0.5733603380939243,0,Medium Risk
52,31670.09,428,5000.0,9,7.94,0.1578776694351042,True,False,False,False,True,False,False,True,False,False,False,False,0.5884500503758122,0,Medium Risk
33,5000.0,300,100.0,3,7.57,0.02,False,False,False,False,False,True,False,False,True,False,False,False,0.4958869770847508,1,Medium Risk
44,63169.69,624,5000.0,6,7.02,0.0791518843926573,False,False,False,False,False,False,True,False,False,False,True,False,0.05358755501174756,0,Low Risk
37,15093.22,308,5000.0,9,7.67,0.3312745722913997,False,True,False,False,True,False,False,False,False,False,False,True,0.5927648532145726,1,Medium Risk
49,34198.38,481,5000.0,6,4.15,0.1462057559451646,False,False,False,False,False,True,False,False,False,False,True,False,0.5576934239243043,1,Medium Risk
34,7066.16,308,2654.75,6,8.1,0.3756991067284069,False,True,False,False,False,False,True,False,False,False,False,True,0.5233334466379014,0,Medium Risk
35,36689.11,408,5000.0,9,4.7,0.1362802204795919,False,False,False,False,False,True,False,True,False,False,False,False,0.5990840162707955,0,Medium Risk
54,52606.9,499,5000.0,12,7.36,0.0950445663971836,False,False,False,True,False,False,False,False,False,False,False,True,0.6576829166976056,1,High Risk
46,68519.54,654,5000.0,6,4.61,0.072971885100221,False,False,False,False,False,False,False,False,False,False,False,True,0.0785164854305667,0,Low Risk
21,6780.64,344,3307.64,12,6.98,0.487806460747068,False,True,False,False,False,False,False,False,False,False,False,True,0.479066020433618,1,Medium Risk
25,23990.18,417,5000.0,3,8.43,0.2084186112817828,False,False,False,False,False,False,False,False,False,False,True,False,0.6121970626761822,0,High Risk
57,76467.75,632,5000.0,6,2.17,0.0653870422498373,False,False,False,False,False,True,False,False,True,False,False,False,0.07511216574090096,0,Low Risk
20,5179.4,300,2417.4,9,8.08,0.4667335984863112,False,True,False,False,False,False,False,False,False,True,False,False,0.5280797612954266,1,Medium Risk
30,16494.47,345,3892.39,3,1.91,0.2359815138043234,False,True,False,True,False,False,False,False,False,True,False,False,0.5474609910377642,0,Medium Risk
21,28439.11,389,5000.0,6,5.22,0.1758142220343745,False,False,False,False,False,True,False,False,False,False,False,True,0.6525903493052618,0,High Risk
35,103541.05,783,5000.0,9,5.57,0.048290026033153,True,False,False,False,False,False,True,False,False,True,False,False,0.07206883454245613,0,Low Risk
59,23299.53,300,1676.04,6,5.24,0.0719344982495355,False,True,False,False,True,False,False,True,False,False,False,False,0.4505067208591612,1,Medium Risk
42,94340.17,693,5000.0,3,5.59,0.0529996924957841,True,False,False,False,False,False,False,False,False,False,True,False,0.1270305747592898,0,Low Risk
29,7324.89,300,3536.45,12,8.68,0.4827990590984983,False,False,True,True,False,False,False,True,False,False,False,False,0.6098948515066016,1,High Risk
22,13756.54,389,5000.0,9,3.19,0.3634634871850043,False,False,True,False,True,False,False,False,False,False,False,False,0.5883992009908172,0,Medium Risk
49,47233.11,566,5000.0,6,6.49,0.1058579458350297,False,False,False,True,False,False,False,False,False,False,False,True,0.08811750401207044,0,Low Risk
27,14478.51,319,4438.21,6,8.35,0.3065377583743078,False,True,False,True,False,False,False,False,True,False,False,False,0.6222831770566604,0,High Risk
37,29166.84,405,5000.0,12,2.7,0.1714275526591156,False,False,False,False,True,False,False,False,False,True,False,False,0.56201860454974,1,Medium Risk
29,68498.01,618,5000.0,6,9.15,0.0729948213094073,True,False,False,False,True,False,False,False,False,False,False,False,0.09341559522642238,0,Low Risk
51,12640.77,300,3643.32,9,7.31,0.2882197840796091,False,True,False,False,False,True,False,False,False,True,False,False,0.6703813915227981,0,High Risk
30,12432.65,305,1379.3,6,2.94,0.1109417541714759,False,True,False,False,False,False,False,False,False,False,False,True,0.5797281378903031,0,Medium Risk
25,35367.18,391,5000.0,12,4.19,0.1413740083320185,False,False,False,False,False,True,False,False,False,False,False,False,0.6409585728248353,1,High Risk
44,16655.61,397,5000.0,12,4.38,0.3001991521175147,False,True,False,False,False,True,False,False,True,False,False,False,0.5871349793606568,0,Medium Risk
36,5495.79,300,2300.75,9,4.79,0.4186386306609241,False,False,True,False,False,True,False,False,False,False,True,False,0.6210918648394516,0,High Risk
32,5000.0,300,1374.18,12,4.4,0.274836,False,False,True,False,True,False,False,False,False,False,False,True,0.5931196617241848,1,Medium Risk
54,74115.51,690,5000.0,6,6.15,0.067462262622223,False,False,False,False,False,False,True,False,False,False,False,True,0.06633480510421547,0,Low Risk
55,18874.73,379,1099.12,6,1.37,0.0582323561714525,False,True,False,False,False,False,False,False,False,False,False,False,0.4412058256027904,0,Medium Risk
24,8916.2,300,2081.7,3,7.07,0.2334739014378322,False,False,True,False,False,False,False,False,True,False,False,False,0.6084755251799071,1,High Risk
52,14427.32,312,5000.0,3,5.97,0.346564711949274,False,True,False,False,True,False,False,False,True,False,False,False,0.5783052076305704,0,Medium Risk
36,36439.18,474,5000.0,3,5.18,0.1372149428170447,True,False,False,False,False,False,True,False,False,True,False,False,0.5417723391481621,1,Medium Risk
58,40755.36,490,5000.0,6,6.16,0.1226832495161372,True,False,False,False,True,False,False,False,False,True,False,False,0.5449114272333585,0,Medium Risk
22,8986.51,303,4260.59,9,2.02,0.4741095263901114,False,False,True,False,False,False,True,False,False,False,False,True,0.5901008554717376,0,Medium Risk
51,18527.66,304,100.0,9,5.47,0.0053973356592251,False,True,False,False,False,True,False,False,False,False,True,False,0.5878677062079897,0,Medium Risk
31,8885.38,378,799.57,9,5.52,0.0899871474264466,False,False,True,False,False,False,False,False,False,True,False,False,0.5283617126344045,0,Medium Risk
44,56950.6,589,5000.0,6,3.02,0.087795387581518,True,False,False,False,False,False,True,False,True,False,False,False,0.11096319116370904,0,Low Risk
55,20532.09,350,3637.89,9,4.46,0.1771806961687777,False,True,False,True,False,False,False,False,False,False,False,False,0.566816983837334,1,Medium Risk
49,43530.19,546,5000.0,9,9.91,0.1148628113040627,False,False,False,False,False,False,True,False,True,False,False,False,0.48893139912456623,1,Medium Risk
51,30816.95,423,5000.0,12,4.95,0.1622483730544392,False,False,False,False,True,False,False,False,False,False,True,False,0.5807387608957161,0,Medium Risk
25,15213.25,330,5000.0,9,8.63,0.3286608712799698,False,True,False,False,False,False,True,False,False,False,True,False,0.5866577178306663,0,Medium Risk
50,47937.78,519,5000.0,3,4.95,0.1043018679630137,False,False,False,False,False,False,True,False,True,False,False,False,0.5419001548472346,1,Medium Risk
51,8685.72,324,3530.41,3,9.39,0.4064614102227564,False,False,True,False,False,False,False,False,False,False,False,True,0.5738922204633965,1,Medium Risk
52,73413.49,715,5000.0,3,2.61,0.0681073737265453,False,False,False,False,True,False,False,False,False,False,False,True,0.06071490598883915,0,Low Risk
30,25806.12,338,5000.0,3,7.4,0.1937524897194929,False,True,False,False,False,False,True,False,True,False,False,False,0.6235699615642564,1,High Risk
58,41341.19,529,5000.0,3,3.53,0.1209447526788658,False,False,False,False,True,False,False,False,True,False,False,False,0.6308387258210205,0,High Risk
58,21194.87,382,2848.79,12,1.04,0.134409411333969,False,False,False,False,False,False,False,True,False,False,False,False,0.471283422693986,0,Medium Risk
51,9018.7,400,1431.6,3,2.47,0.1587368467739252,False,False,True,False,True,False,False,False,False,True,False,False,0.5200636005869869,0,Medium Risk
52,14153.96,307,3640.32,9,2.34,0.2571944530011389,False,False,True,False,False,False,False,False,False,False,True,False,0.6167257158216287,0,High Risk
23,34681.16,420,5000.0,3,4.24,0.1441704948738738,False,False,False,True,False,False,False,False,False,False,True,False,0.5769960020301975,0,Medium Risk
48,17793.65,351,2142.45,9,6.37,0.1204053131313698,False,False,True,False,False,False,True,False,False,False,False,True,0.5154960190362661,0,Medium Risk
55,14021.04,300,3211.16,9,4.94,0.2290243805024448,False,False,True,False,False,False,False,True,False,False,False,False,0.7035017082018409,1,High Risk
58,86146.2,747,5000.0,6,7.38,0.0580408654125196,True,False,False,False,False,True,False,False,False,True,False,False,0.08076244979871222,0,Low Risk
38,58242.65,598,5000.0,6,7.59,0.0858477421614572,False,False,False,False,False,False,True,False,True,False,False,False,0.12322076631602034,0,Low Risk
34,18279.78,384,5000.0,3,4.82,0.273526267821604,False,True,False,False,False,False,False,False,False,False,True,False,0.5828617869398149,0,Medium Risk
28,48660.35,520,5000.0,9,5.26,0.1027530628119197,False,False,False,True,False,False,False,False,False,True,False,False,0.5429933848313947,0,Medium Risk
31,11695.79,364,5000.0,9,7.82,0.4275042558048665,False,True,False,False,False,False,False,True,False,False,False,False,0.5701130408212834,0,Medium Risk
57,67707.2,575,5000.0,6,6.1,0.07384738993785,True,False,False,False,False,False,True,False,True,False,False,False,0.19932842864845324,0,Low Risk
46,58546.78,496,5000.0,9,5.67,0.0854017932326935,False,False,False,False,True,False,False,False,False,True,False,False,0.5364453909922869,1,Medium Risk
20,10791.83,300,3901.74,3,1.72,0.3615457248677935,False,True,False,True,False,False,False,False,True,False,False,False,0.5817751476194344,1,Medium Risk
21,10850.31,376,3230.85,12,4.09,0.2977656859573597,False,True,False,True,False,False,False,False,False,False,True,False,0.5673099428252741,1,Medium Risk
37,5000.0,325,2010.31,3,5.75,0.402062,False,False,True,False,True,False,False,False,False,False,False,True,0.5661058038338409,0,Medium Risk
33,109938.52,850,5000.0,9,3.55,0.0454799646202259,True,False,False,False,True,False,False,True,False,False,False,False,0.0974661396404087,0,Low Risk
53,17784.49,377,5000.0,9,5.28,0.2811438506248984,False,False,True,True,False,False,False,True,False,False,False,False,0.5212345301354635,1,Medium Risk
48,17992.02,371,4700.46,9,9.24,0.2612524886032807,False,True,False,False,False,False,True,False,True,False,False,False,0.6108602817474731,1,High Risk
59,45649.16,441,100.0,6,3.79,0.0021906208131759,True,False,False,False,True,False,False,False,False,False,True,False,0.577826668841664,1,Medium Risk
44,56388.36,501,5000.0,12,7.48,0.088670782409703,True,False,False,False,False,True,False,False,False,False,False,True,0.6384800340784452,1,High Risk
38,20387.31,349,5000.0,3,8.3,0.2452505995150905,False,True,False,False,False,False,False,False,False,False,False,True,0.6082994562494107,1,High Risk
49,64700.46,591,5000.0,6,2.27,0.0772792032699613,False,False,False,True,False,False,False,False,False,True,False,False,0.09330205800127574,0,Low Risk
47,11596.17,348,5000.0,3,7.48,0.4311768454584574,False,False,True,False,False,False,True,False,True,False,False,False,0.5588878527195731,0,Medium Risk
43,9115.4,300,3276.58,12,8.91,0.359455427079448,False,False,True,True,False,False,False,False,False,True,False,False,0.6054681426879365,1,High Risk
50,72512.37,603,5000.0,3,3.76,0.0689537523046067,False,False,False,False,False,True,False,False,False,True,False,False,0.0770235587595135,0,Low Risk
43,59930.72,538,5000.0,9,5.47,0.0834296667885852,True,False,False,False,False,False,False,True,False,False,False,False,0.6253405571529274,1,High Risk
45,60986.74,596,5000.0,12,2.09,0.0819850347796914,False,False,False,True,False,False,False,True,False,False,False,False,0.0880015516828398,0,Low Risk
57,18091.29,421,5000.0,3,6.94,0.2763760903727705,False,False,True,False,False,False,False,False,False,False,True,False,0.5137904026392383,1,Medium Risk
55,17825.87,356,4750.37,3,9.51,0.2664874140785274,False,False,True,False,False,True,False,False,True,False,False,False,0.565559910527808,1,Medium Risk
28,29531.06,466,5000.0,12,3.91,0.1693132586503836,True,False,False,False,True,False,False,True,False,False,False,False,0.5870415330135722,1,Medium Risk
23,7264.91,361,1933.15,3,7.42,0.2660941429418947,False,False,True,False,False,False,True,False,False,False,False,True,0.4854002918207801,0,Medium Risk
44,54064.58,546,5000.0,12,2.49,0.092481990981896,False,False,False,False,False,False,True,False,True,False,False,False,0.44203182003160946,0,Medium Risk
18,8052.38,300,4049.7,9,8.89,0.50291963369836,False,True,False,False,True,False,False,True,False,False,False,False,0.6010987432128414,0,High Risk
42,12058.37,303,3430.18,12,8.16,0.284464649865612,False,True,False,True,False,False,False,False,True,False,False,False,0.590344561196607,0,Medium Risk
18,8907.99,316,2428.3,6,1.53,0.2725979710349922,False,True,False,False,False,False,True,False,True,False,False,False,0.5381488068000586,0,Medium Risk
42,94741.47,779,5000.0,9,5.09,0.0527751997092719,False,False,False,False,False,False,True,False,True,False,False,False,0.09879541545379616,0,Low Risk
38,7026.58,337,779.99,6,5.12,0.1110056385894702,False,True,False,True,False,False,False,False,False,True,False,False,0.566321968375949,1,Medium Risk
58,13134.24,366,5000.0,9,4.46,0.3806843791494597,False,True,False,False,False,False,True,False,False,False,False,False,0.6061087564072174,1,High Risk
36,24787.01,397,1874.9,12,5.35,0.0756404261748391,True,False,False,False,True,False,False,False,False,True,False,False,0.638174861744196,0,High Risk
18,8490.41,419,1715.68,6,8.4,0.2020726914247957,False,False,True,True,False,False,False,False,False,False,True,False,0.495277023797297,1,Medium Risk
41,13023.02,300,5000.0,3,7.34,0.3839355234039416,False,True,False,False,False,True,False,False,False,False,True,False,0.6551810559244974,0,High Risk
51,43523.42,523,5000.0,9,2.67,0.1148806780349522,True,False,False,False,False,True,False,False,False,False,False,True,0.5998401356290101,0,Medium Risk
51,101148.19,686,5000.0,9,6.34,0.0494324218752703,True,False,False,False,False,True,False,False,False,False,True,False,0.26947421178230224,0,Low Risk
38,78238.27,716,5000.0,9,7.68,0.0639073435545034,True,False,False,False,False,False,False,False,False,False,False,False,0.06959110722409924,0,Low Risk
59,73155.28,603,5000.0,6,7.84,0.0683477665590235,False,False,False,True,False,False,False,True,False,False,False,False,0.1524024004897711,0,Low Risk
44,5000.0,351,1216.8,12,9.55,0.24336,True,False,False,True,False,False,False,True,False,False,False,False,0.5587594985841785,0,Medium Risk
22,5000.0,335,2413.32,9,4.83,0.482664,False,False,True,False,False,False,False,False,False,False,True,False,0.5326426858946491,0,Medium Risk
50,40657.46,465,5000.0,6,7.74,0.1229786612346172,False,True,False,False,False,False,True,False,False,False,False,False,0.5848925041757987,0,Medium Risk
26,7912.34,316,1061.26,12,4.77,0.1341271987806388,False,False,True,False,False,False,False,True,False,False,False,False,0.5925229119162411,0,Medium Risk
48,23164.5,412,5000.0,3,3.87,0.2158475253081223,False,False,True,False,False,False,False,False,True,False,False,False,0.5705280127488033,1,Medium Risk
28,55092.53,506,5000.0,9,8.34,0.0907564056324877,False,False,False,False,False,False,True,True,False,False,False,False,0.5619044153375286,0,Medium Risk
36,48413.46,520,4445.71,9,8.36,0.0918279751127062,True,False,False,False,False,False,False,False,False,False,True,False,0.5187015082030434,1,Medium Risk
25,71295.18,660,5000.0,6,5.13,0.0701309681804576,True,False,False,False,False,False,False,True,False,False,False,False,0.06814127582864216,0,Low Risk
45,81389.58,692,5000.0,9,9.87,0.0614329254432815,True,False,False,False,True,False,False,False,True,False,False,False,0.1045782078920455,0,Low Risk
25,12389.34,316,5000.0,12,4.07,0.4035727488308497,False,False,True,False,False,False,False,False,False,False,False,False,0.6738804925605786,1,High Risk
25,15618.59,434,2805.06,3,6.59,0.1795975180858195,False,True,False,True,False,False,False,True,False,False,False,False,0.5439327682442014,1,Medium Risk
25,57176.05,490,5000.0,9,7.77,0.0874492029442397,False,False,False,False,False,False,True,False,False,False,False,True,0.608759344558421,1,High Risk
18,26250.57,354,5000.0,3,8.9,0.1904720545115782,True,False,False,False,False,True,False,False,False,False,False,False,0.6204005639477185,0,High Risk
26,16909.46,344,5000.0,9,4.23,0.2956924703686575,False,False,True,False,False,False,False,False,False,True,False,False,0.6403367672129149,0,High Risk
23,37414.25,466,5000.0,6,2.51,0.1336389209993518,False,False,False,False,True,False,False,False,True,False,False,False,0.5894206711569538,1,Medium Risk
36,11034.73,335,2893.48,6,3.28,0.2622157497283576,False,False,True,False,False,False,True,False,False,False,True,False,0.5509277384580337,1,Medium Risk
58,20319.4,356,4779.58,9,5.5,0.2352224967272655,False,False,True,True,False,False,False,False,False,False,False,True,0.508361479774278,0,Medium Risk
59,64712.02,607,5000.0,6,9.24,0.0772653982984923,True,False,False,False,False,True,False,False,False,False,False,False,0.1179640396565738,0,Low Risk
36,58587.86,526,5000.0,9,3.95,0.085341912129919,False,False,False,False,False,False,True,False,False,False,False,False,0.57985804694836,1,Medium Risk
31,79987.69,683,5000.0,6,4.01,0.0625096186675724,False,False,False,True,False,False,False,False,False,True,False,False,0.07891965759665066,0,Low Risk
40,44339.81,522,5000.0,6,1.91,0.1127654809526698,False,False,False,False,False,False,False,False,False,False,False,True,0.6304469358015643,1,High Risk
36,70313.67,621,5000.0,6,8.99,0.0711099278419118,True,False,False,False,False,False,True,False,True,False,False,False,0.09802208756731944,0,Low Risk
31,53728.72,607,5000.0,9,3.13,0.0930600989563868,True,False,False,False,False,False,True,False,False,False,True,False,0.0963555441320867,0,Low Risk
50,65220.18,584,5000.0,9,6.4,0.0766633885401726,False,False,False,False,False,True,False,False,False,False,False,False,0.13045506175214117,0,Low Risk
24,14118.58,336,3787.91,9,6.61,0.2682925619998612,False,True,False,True,False,False,False,False,True,False,False,False,0.5460561090025327,0,Medium Risk
37,90341.45,734,5000.0,12,7.49,0.0553455805723729,True,False,False,False,False,True,False,True,False,False,False,False,0.09938038018960217,0,Low Risk
33,5000.0,369,2491.94,12,8.01,0.498388,False,False,True,True,False,False,False,False,True,False,False,False,0.49294013299756756,1,Medium Risk
33,16221.99,340,5000.0,9,8.75,0.3082235903239985,False,True,False,False,False,False,True,False,False,False,True,False,0.5921889959548541,1,Medium Risk
30,54379.07,492,5000.0,6,1.06,0.0919471406921817,False,False,False,False,True,False,False,True,False,False,False,False,0.5156814300044997,0,Medium Risk
58,56152.3,524,5000.0,6,4.81,0.0890435476374075,True,False,False,False,False,False,True,False,False,True,False,False,0.5241702116676652,1,Medium Risk
19,46828.63,571,4028.58,6,3.18,0.0860281413314888,True,False,False,False,True,False,False,False,False,False,True,False,0.11660612322159185,0,Low Risk
24,5019.03,300,1426.08,6,3.98,0.2841345837741555,False,False,True,True,False,False,False,False,False,True,False,False,0.5826556702226597,1,Medium Risk
19,31681.98,414,5000.0,9,2.56,0.1578184191770842,True,False,False,True,False,False,False,False,False,False,False,False,0.5481248789606064,1,Medium Risk
23,22576.07,408,3866.72,9,7.28,0.1712751599370484,True,False,False,True,False,False,False,False,False,False,False,False,0.5737630251072643,1,Medium Risk
30,12494.53,300,3878.1,6,7.48,0.3103838239613655,False,False,True,False,False,True,False,False,False,True,False,False,0.6842436482724084,1,High Risk
31,53528.0,517,5000.0,12,4.57,0.0934090569421611,False,False,False,False,False,False,True,False,True,False,False,False,0.5327320663961805,1,Medium Risk
21,9634.03,349,2407.0,9,4.02,0.2498435234268525,False,True,False,False,False,True,False,False,True,False,False,False,0.5478386911124875,1,Medium Risk
46,38140.83,471,5000.0,6,5.39,0.1310931094053275,False,False,False,False,True,False,False,False,False,True,False,False,0.5803935567511127,1,Medium Risk
40,29649.92,356,5000.0,9,1.6,0.1686345190813331,False,False,False,False,True,False,False,True,False,False,False,False,0.6263494405045765,0,High Risk
19,30151.16,413,5000.0,12,5.3,0.1658310990356589,False,False,False,False,False,False,False,False,False,False,True,False,0.5693276188349624,0,Medium Risk
51,14064.77,307,5000.0,9,1.17,0.3554981702509177,False,False,True,False,False,False,True,False,False,False,False,False,0.591128202174606,0,Medium Risk
21,25338.66,414,5000.0,3,6.3,0.1973269304690934,False,False,False,True,False,False,False,False,True,False,False,False,0.5933633450641067,0,Medium Risk
36,38148.99,480,5000.0,3,7.32,0.1310650688261996,True,False,False,True,False,False,False,False,False,True,False,False,0.544871330444797,0,Medium Risk
35,40889.68,422,5000.0,3,1.13,0.1222802428387798,False,False,False,False,False,True,False,True,False,False,False,False,0.6048985791126938,1,High Risk
55,62077.23,589,5000.0,6,8.98,0.0805448310113064,True,False,False,False,False,True,False,False,False,True,False,False,0.08257765551405263,0,Low Risk
21,27286.91,429,5000.0,9,4.59,0.1832380434428082,False,False,False,False,False,False,True,False,False,False,False,False,0.5685295506090803,0,Medium Risk
56,20561.68,434,5000.0,9,2.38,0.2431707914917458,False,True,False,True,False,False,False,False,False,False,False,False,0.564111118048618,1,Medium Risk
43,25785.18,358,5000.0,12,8.61,0.1939098350292687,False,True,False,False,True,False,False,True,False,False,False,False,0.595849133341559,1,Medium Risk
42,84343.79,704,5000.0,6,1.79,0.0592811871508264,True,False,False,False,False,True,False,False,False,False,False,False,0.09064889464146601,0,Low Risk
34,56795.88,572,5000.0,6,8.43,0.0880345546191026,True,False,False,False,False,False,False,True,False,False,False,False,0.13404167383305624,0,Low Risk
29,20132.93,374,5000.0,9,1.95,0.2483493460713368,False,True,False,False,False,True,False,False,False,False,False,False,0.6121658841800773,0,High Risk
22,5000.0,300,1419.91,6,1.21,0.283982,False,False,True,True,False,False,False,False,False,True,False,False,0.5653012764861931,1,Medium Risk
18,30565.97,434,4225.15,9,5.35,0.1382305223750465,True,False,False,False,False,False,False,False,False,False,False,True,0.5191663064165574,1,Medium Risk
29,23046.72,398,5000.0,3,9.1,0.2169506116271642,False,True,False,False,False,False,True,False,False,False,False,True,0.5808441212266202,1,Medium Risk
59,22723.33,428,5000.0,9,5.93,0.220038172222117,False,False,False,False,False,False,True,True,False,False,False,False,0.5530124099829541,0,Medium Risk
49,13318.59,320,5000.0,9,8.21,0.3754151152637028,False,False,True,False,False,False,False,False,False,False,False,True,0.6294296879213593,1,High Risk
43,14102.11,386,5000.0,6,7.43,0.3545568712767096,False,False,True,False,False,True,False,False,False,False,False,True,0.566478505690751,0,Medium Risk
42,21072.18,386,5000.0,3,8.19,0.2372796739587456,False,True,False,False,False,False,True,False,False,False,False,True,0.6075489357067037,0,High Risk
23,5271.61,300,827.82,9,7.37,0.1570336197101075,False,False,True,True,False,False,False,False,False,False,False,True,0.5563025927072157,1,Medium Risk
45,12220.8,300,5000.0,9,8.32,0.4091385179366326,False,False,True,False,True,False,False,False,False,False,True,False,0.7093632693879421,1,High Risk
35,54012.76,530,5000.0,6,9.17,0.0925707184746715,False,False,False,True,False,False,False,False,True,False,False,False,0.5329196957424,1,Medium Risk
20,33237.36,338,5000.0,9,5.13,0.1504331270594295,False,False,False,False,True,False,False,False,True,False,False,False,0.5800445928832535,0,Medium Risk
30,8722.78,313,2233.27,3,1.4,0.2560273215649139,False,False,True,False,False,False,True,False,False,True,False,False,0.5726520036029642,0,Medium Risk
47,55805.34,471,5000.0,12,6.02,0.0895971604151144,True,False,False,False,False,False,True,True,False,False,False,False,0.6691989217457214,0,High Risk
37,12950.69,355,5000.0,12,5.92,0.3860798150523253,False,True,False,False,False,False,True,True,False,False,False,False,0.5713720126153143,0,Medium Risk
22,63775.78,585,5000.0,3,6.33,0.078399668338043,True,False,False,False,True,False,False,False,False,False,True,False,0.11867632947788342,0,Low Risk
52,7301.92,300,1720.49,9,8.83,0.2356215899379889,False,False,True,False,False,True,False,False,False,True,False,False,0.5740330408500554,1,Medium Risk
18,9780.9,300,5000.0,6,6.69,0.5112004007811143,False,False,True,False,False,False,True,False,False,True,False,False,0.5991193880020771,0,Medium Risk
29,9657.59,327,2750.97,12,6.63,0.2848505683094851,False,True,False,False,True,False,False,False,False,False,True,False,0.5390753840732274,1,Medium Risk
49,19213.38,319,5000.0,9,2.15,0.2602353151813996,False,True,False,False,False,False,True,False,False,False,False,False,0.6592170531596854,0,High Risk
39,5000.0,342,875.64,9,9.74,0.175128,False,False,True,True,False,False,False,False,False,False,False,True,0.5781245082213847,0,Medium Risk
52,36677.01,411,5000.0,3,6.14,0.1363251802696021,True,False,False,False,False,False,True,False,False,False,True,False,0.5782095073946164,1,Medium Risk
51,14697.95,401,4926.54,12,3.96,0.3351855190689858,False,False,True,True,False,False,False,False,False,False,False,False,0.5474607842438332,0,Medium Risk
58,13956.99,300,4251.28,6,3.73,0.3045986276410601,False,False,True,False,True,False,False,False,False,False,False,False,0.6935388971257512,0,High Risk
55,57680.94,577,5000.0,6,9.03,0.0866837468321424,True,False,False,True,False,False,False,False,False,False,True,False,0.1090806996085547,0,Low Risk
34,46648.29,506,1722.12,3,1.17,0.0369171088586526,False,False,False,False,False,False,True,False,False,False,True,False,0.45009835170595897,1,Medium Risk
46,23617.15,369,5000.0,6,6.95,0.2117105577938066,False,True,False,False,False,True,False,False,True,False,False,False,0.6546169498732043,1,High Risk
46,75117.25,630,5000.0,12,5.92,0.0665626071241958,True,False,False,True,False,False,False,False,False,False,False,False,0.09716917163236444,0,Low Risk
58,90525.29,703,5000.0,6,1.89,0.0552331840085792,False,False,False,True,False,False,False,False,False,False,False,False,0.11354525514394924,0,Low Risk
56,68145.25,618,5000.0,9,9.81,0.0733726855503501,False,False,False,False,False,False,False,False,False,False,False,False,0.1587168119389032,0,Low Risk
41,25542.51,354,3540.29,12,9.22,0.1386038412043296,False,True,False,False,False,True,False,False,True,False,False,False,0.5371913326892046,0,Medium Risk
53,34868.86,421,5000.0,6,3.9,0.1433944212687194,False,False,False,False,False,False,False,True,False,False,False,False,0.531774267917623,1,Medium Risk
54,20778.34,403,5000.0,6,4.19,0.2406351999245368,False,True,False,True,False,False,False,False,False,False,False,False,0.5750307075824551,1,Medium Risk
50,47040.88,540,5000.0,3,4.92,0.106290528578547,False,False,False,False,True,False,False,False,False,False,False,True,0.5783927525949746,1,Medium Risk
44,45774.63,521,2270.23,6,1.94,0.0495958132266716,False,False,False,False,False,True,False,False,False,False,True,False,0.44827236400367615,1,Medium Risk
24,5000.0,300,1446.85,9,9.22,0.2893699999999999,False,True,False,False,False,True,False,False,True,False,False,False,0.5520751834297234,1,Medium Risk
25,65116.56,568,5000.0,6,6.25,0.0767853830116332,False,False,False,False,False,False,False,True,False,False,False,False,0.12432509490720342,0,Low Risk
24,65516.15,611,5000.0,12,2.65,0.0763170607552489,True,False,False,False,False,False,False,True,False,False,False,False,0.10581195319087802,0,Low Risk
36,9987.22,355,4490.99,3,3.01,0.4496736829668316,False,True,False,True,False,False,False,False,False,False,False,False,0.5861488451092565,1,Medium Risk
50,10412.6,300,3435.22,12,2.65,0.329909916831531,False,False,True,False,False,False,True,False,True,False,False,False,0.6242065173723783,0,High Risk
32,62391.99,557,5000.0,3,3.76,0.0801384921365707,False,False,False,False,True,False,False,True,False,False,False,False,0.14758639839664872,1,Low Risk
57,42668.76,507,5000.0,12,6.8,0.1171817507703528,False,False,False,False,True,False,False,False,False,True,False,False,0.5716464251329331,1,Medium Risk
59,12725.9,325,1196.32,6,1.5,0.0940067107237995,False,True,False,False,True,False,False,False,False,False,False,False,0.5090386327543203,1,Medium Risk
52,24630.59,378,5000.0,6,6.09,0.202999603338775,False,True,False,False,False,False,False,False,True,False,False,False,0.6268972539111689,1,High Risk
32,7894.82,319,2011.69,3,9.12,0.254811382653436,False,False,True,False,True,False,False,True,False,False,False,False,0.5926379022251527,1,Medium Risk
58,8026.78,352,4388.56,3,2.6,0.5467397885578028,False,False,True,True,False,False,False,True,False,False,False,False,0.515832887774624,1,Medium Risk
24,28106.93,375,5000.0,6,1.01,0.1778920714571104,False,False,False,False,True,False,False,False,False,False,False,False,0.560796280841577,0,Medium Risk
49,54820.13,476,5000.0,6,4.71,0.0912073721824446,True,False,False,False,True,False,False,False,False,True,False,False,0.6382863901849115,1,High Risk
49,9596.71,360,2449.2,12,7.36,0.2552124634379907,False,False,True,True,False,False,False,False,False,True,False,False,0.5031026052523584,0,Medium Risk
18,37582.05,456,5000.0,9,2.98,0.1330422369189546,True,False,False,False,True,False,False,False,True,False,False,False,0.5780655011327165,0,Medium Risk
38,15699.46,300,2539.79,3,9.51,0.1617756279515346,False,True,False,False,False,True,False,False,False,False,True,False,0.5630858147761961,1,Medium Risk
35,14628.72,320,1409.13,9,9.29,0.0963262677800928,False,True,False,True,False,False,False,False,False,False,False,False,0.5882618905821928,1,Medium Risk
31,13666.68,360,4611.35,9,5.88,0.337415524472659,False,False,True,False,True,False,False,False,False,False,False,False,0.5700861917608485,0,Medium Risk
24,33030.78,421,5000.0,3,2.27,0.1513739608934454,True,False,False,False,False,True,False,False,False,False,False,False,0.5525640748768625,1,Medium Risk
55,42111.14,511,5000.0,9,6.98,0.1187334277818173,False,False,False,True,False,False,False,False,False,False,False,False,0.6257432923869151,0,High Risk
23,51690.82,464,5000.0,6,4.37,0.0967289743130404,True,False,False,False,False,True,False,False,False,True,False,False,0.540814891784073,1,Medium Risk
19,6170.93,300,2843.17,9,6.48,0.4607360640940668,False,True,False,False,False,False,False,False,False,False,False,True,0.5360882495788228,1,Medium Risk
46,9224.64,315,1187.38,6,8.05,0.1287183022860513,False,False,True,False,False,False,True,False,False,True,False,False,0.5679699802375123,1,Medium Risk
53,63130.47,631,5000.0,6,7.5,0.0792010577459664,True,False,False,False,False,True,False,True,False,False,False,False,0.05523563486519309,0,Low Risk
36,20993.33,411,5000.0,9,7.21,0.2381708857051263,False,True,False,False,False,True,False,False,False,True,False,False,0.5868627977429128,0,Medium Risk
25,11084.55,326,2573.67,3,6.27,0.2321853390530062,False,False,True,False,False,True,False,False,False,False,False,True,0.5700085614418922,1,Medium Risk
43,30252.06,451,3634.26,12,9.79,0.1201326455124047,False,False,False,False,False,False,False,False,False,False,False,True,0.569582306170296,0,Medium Risk
24,32636.16,472,5000.0,3,5.58,0.1532042985449268,True,False,False,False,False,False,True,False,False,False,False,False,0.5197414389995437,1,Medium Risk
22,20139.79,341,2244.53,3,9.86,0.1114475374370835,False,False,False,False,False,True,False,True,False,False,False,False,0.5337536209058552,1,Medium Risk
26,22137.24,384,5000.0,12,5.62,0.2258637481456586,False,True,False,False,True,False,False,False,False,False,False,False,0.6224618643228608,0,High Risk
25,5890.23,300,641.5,9,4.7,0.1089091597441865,False,False,True,False,False,True,False,False,False,False,True,False,0.5690088020107091,0,Medium Risk
54,61895.26,571,5000.0,3,5.85,0.0807816301280582,False,False,False,False,False,True,False,False,False,False,True,False,0.09566590119352313,0,Low Risk
24,55276.93,505,5000.0,3,5.82,0.0904536485655046,True,False,False,True,False,False,False,True,False,False,False,False,0.6670768754499882,1,High Risk
58,13990.78,422,5000.0,12,9.49,0.3573782162252569,False,False,True,False,False,False,True,True,False,False,False,False,0.49964561252645984,0,Medium Risk
47,19552.26,388,3746.92,9,4.14,0.1916361586844692,False,True,False,False,False,False,True,False,False,True,False,False,0.5286190446465527,0,Medium Risk
29,20067.07,356,4798.35,6,4.22,0.2391156257490505,False,True,False,False,False,False,False,False,False,True,False,False,0.5891812937739868,0,Medium Risk
18,36386.32,432,5000.0,3,7.83,0.1374142809715299,True,False,False,False,False,True,False,True,False,False,False,False,0.5926200772905829,0,Medium Risk
34,10117.82,300,3653.46,6,7.11,0.3610916185502411,False,False,True,False,False,False,False,False,False,False,True,False,0.6632211751358758,1,High Risk
51,14163.78,371,5000.0,6,4.3,0.3530131080827293,False,True,False,False,False,True,False,True,False,False,False,False,0.5958587421960424,0,Medium Risk
32,11776.68,342,571.08,3,3.25,0.0484924443900997,False,False,True,False,True,False,False,True,False,False,False,False,0.5662191300699464,0,Medium Risk
25,14831.21,334,680.66,3,8.43,0.0458937605225736,False,False,True,False,True,False,False,False,False,False,True,False,0.5546216647231019,0,Medium Risk
44,18595.84,356,5000.0,3,2.25,0.26887734030837,False,True,False,False,False,True,False,False,False,True,False,False,0.5978969305907176,1,Medium Risk
22,44941.81,415,5000.0,6,3.48,0.111254976156946,True,False,False,False,True,False,False,False,False,True,False,False,0.5551890801002821,0,Medium Risk
51,83455.16,628,5000.0,12,9.5,0.059912412845413,False,False,False,False,False,True,False,False,False,False,False,False,0.24160982507078088,0,Low Risk
45,15733.37,300,4193.87,3,9.54,0.2665589126805001,False,False,True,False,False,True,False,False,False,False,True,False,0.6015620057081013,1,High Risk
20,11189.77,300,100.0,6,6.79,0.0089367341777355,False,True,False,False,False,False,False,False,False,False,False,False,0.6556690752801595,1,High Risk
31,116605.74,850,5000.0,3,7.71,0.0428795357758546,True,False,False,False,False,False,False,False,False,True,False,False,0.05791136546551032,0,Low Risk
44,27484.89,398,1830.3,3,3.22,0.066592953437325,False,True,False,True,False,False,False,True,False,False,False,False,0.5109520934655821,1,Medium Risk
42,14649.61,350,5000.0,9,1.13,0.3413060142898002,True,False,False,False,False,True,False,False,False,False,False,True,0.5199555181030727,0,Medium Risk
46,87710.27,666,5000.0,9,7.44,0.0570058671578596,True,False,False,False,True,False,False,False,False,False,False,False,0.11040455583730806,0,Low Risk
55,19705.71,340,5000.0,9,9.88,0.253733562505487,False,False,True,False,False,True,False,True,False,False,False,False,0.5634418590842079,1,Medium Risk
30,44923.97,447,5000.0,9,8.45,0.1112991572205217,True,False,False,False,False,False,False,False,False,True,False,False,0.6652908313349997,1,High Risk
45,14871.3,307,4092.75,9,6.13,0.2752113130661072,False,True,False,False,True,False,False,False,True,False,False,False,0.5906503630799382,1,Medium Risk
25,35478.59,515,5000.0,9,5.1,0.1409300651463319,True,False,False,False,False,False,False,False,False,False,False,False,0.5856348605423592,1,Medium Risk
52,16202.12,300,100.0,3,2.8,0.0061720318081831,False,False,True,False,False,False,True,True,False,False,False,False,0.4937735440695661,1,Medium Risk
53,67993.76,627,5000.0,12,3.07,0.0735361597887806,True,False,False,False,False,False,True,False,False,False,False,False,0.07514870860485683,0,Low Risk
29,8111.74,300,2397.72,6,4.32,0.2955863969999038,False,True,False,False,False,False,True,False,True,False,False,False,0.6083671616422938,1,High Risk
41,72447.46,637,5000.0,9,2.96,0.0690155320835264,True,False,False,False,False,False,False,False,False,True,False,False,0.07781919816365511,0,Low Risk
54,77465.38,652,5000.0,3,2.1,0.0645449618913635,False,False,False,False,True,False,False,False,False,True,False,False,0.0509881042211193,0,Low Risk
57,63488.81,589,4310.49,9,5.35,0.067893696542745,False,False,False,True,False,False,False,False,True,False,False,False,0.16183002080504533,0,Low Risk
36,14027.03,338,1830.49,9,8.36,0.1304973326498909,False,True,False,True,False,False,False,False,False,False,True,False,0.584685784987938,0,Medium Risk
39,39830.43,509,5000.0,3,9.94,0.1255321622186855,False,False,False,False,False,True,False,True,False,False,False,False,0.3702901527263013,0,Low Risk
33,16703.08,339,5000.0,6,1.01,0.2993459888834873,False,False,True,False,False,False,False,False,False,True,False,False,0.6185435019250206,0,High Risk
23,50826.25,525,5000.0,6,1.36,0.0983743636408352,True,False,False,True,False,False,False,False,False,True,False,False,0.5276659080183291,0,Medium Risk
59,73616.27,671,5000.0,12,2.75,0.0679197682794849,False,False,False,False,False,False,True,False,False,False,False,False,0.04207157278021966,0,Low Risk
59,11514.43,304,5000.0,6,8.41,0.4342377347380634,False,True,False,False,False,False,False,False,False,False,False,False,0.6652659469682364,0,High Risk
47,20868.12,360,4400.07,9,5.08,0.2108512889517599,False,False,True,False,False,False,True,False,False,False,False,True,0.5647356325279207,0,Medium Risk
44,5010.61,312,1225.35,6,3.52,0.2445510626450671,False,False,True,False,True,False,False,False,False,False,False,True,0.6017580755369241,1,High Risk
45,60667.3,501,5000.0,12,5.45,0.0824167220232316,False,False,False,False,False,False,False,False,False,False,False,False,0.6554141984349056,1,High Risk
37,36586.11,458,5000.0,12,4.3,0.1366638869232066,False,False,False,False,False,False,False,False,False,False,False,False,0.6016350807984703,1,High Risk
33,53151.85,502,5000.0,12,7.12,0.0940701029220996,True,False,False,False,False,False,True,False,True,False,False,False,0.6103212892382832,0,High Risk
34,60167.65,578,5000.0,3,5.83,0.0831011349121994,True,False,False,False,False,False,True,False,False,False,False,False,0.06125465866100683,1,Low Risk
31,12768.62,338,4012.49,6,8.69,0.3142461753893529,False,False,True,True,False,False,False,False,True,False,False,False,0.5294891171480525,1,Medium Risk
45,9350.0,347,2021.9,9,4.09,0.2162459893048128,False,False,True,False,False,False,False,False,False,False,False,True,0.532684966259491,1,Medium Risk
37,78342.7,683,5000.0,9,1.48,0.0638221557337186,False,False,False,False,True,False,False,False,False,False,True,False,0.04649442630257849,0,Low Risk
48,9697.75,355,1122.05,9,3.54,0.1157020958469748,False,True,False,False,True,False,False,False,False,False,False,True,0.48292269872195503,1,Medium Risk
25,12248.55,342,1624.7,12,7.13,0.1326442721791559,False,False,True,False,False,False,False,False,False,False,True,False,0.5648020467697432,0,Medium Risk
59,15673.46,370,100.0,6,4.97,0.0063802121548145,False,False,True,False,True,False,False,False,False,True,False,False,0.4934805429750806,1,Medium Risk
53,57563.34,624,5000.0,6,1.01,0.0868608388602885,False,False,False,False,False,True,False,False,True,False,False,False,0.10620594873488745,0,Low Risk
18,41797.03,462,5000.0,3,4.04,0.1196257246029203,False,False,False,True,False,False,False,False,False,True,False,False,0.5702982874078757,1,Medium Risk
46,20036.04,386,4748.07,3,2.22,0.236976468403936,False,True,False,True,False,False,False,False,False,True,False,False,0.581795100905464,0,Medium Risk
35,16608.63,346,5000.0,6,2.46,0.3010483104265674,False,False,True,False,False,False,True,False,True,False,False,False,0.6629213730988248,0,High Risk
50,82156.47,641,5000.0,9,2.35,0.0608594794786095,False,False,False,False,False,False,False,False,False,False,False,False,0.07713355455742305,0,Low Risk
58,16615.79,397,5000.0,3,5.63,0.3009185840697312,False,False,True,True,False,False,False,False,False,True,False,False,0.5555480677851871,1,Medium Risk
41,12478.81,329,4737.76,6,6.98,0.3796644071029209,False,False,True,False,False,True,False,False,False,False,True,False,0.6066055013147701,0,High Risk
50,17476.4,300,5000.0,12,8.59,0.2861001121512439,False,True,False,False,False,False,True,False,True,False,False,False,0.7389129497602649,0,High Risk
59,73739.74,678,5000.0,3,8.89,0.0678060432542886,True,False,False,False,False,False,False,False,True,False,False,False,0.08135159870520614,0,Low Risk
51,15085.48,312,2382.61,6,8.24,0.1579406157444112,False,True,False,False,False,True,False,False,False,False,False,True,0.533000242296706,1,Medium Risk
52,68860.3,564,5000.0,9,9.72,0.0726107786344236,False,False,False,True,False,False,False,False,True,False,False,False,0.2619162576072406,0,Low Risk
56,48397.44,548,5000.0,3,5.38,0.1033112495206357,False,False,False,True,False,False,False,False,False,True,False,False,0.43011509656535624,0,Medium Risk
26,52272.03,567,5000.0,6,5.5,0.0956534498468875,False,False,False,False,True,False,False,False,False,True,False,False,0.06279042152046023,0,Low Risk
58,56911.53,529,5000.0,12,1.02,0.0878556594770866,True,False,False,False,False,True,False,False,False,False,False,True,0.5636254320744958,0,Medium Risk
56,14060.96,406,2750.36,12,2.29,0.1956025762110126,False,True,False,False,False,False,True,False,False,False,False,True,0.5067877525509943,0,Medium Risk
37,40760.28,387,5000.0,3,5.75,0.1226684409429964,False,False,False,True,False,False,False,False,False,False,False,False,0.633737822839196,1,High Risk
53,94896.04,764,5000.0,6,3.95,0.0526892376120225,True,False,False,True,False,False,False,False,True,False,False,False,0.10407256993460219,0,Low Risk
55,54956.53,531,5000.0,12,6.83,0.0909809989822865,True,False,False,False,False,False,True,False,False,True,False,False,0.5712386214915811,1,Medium Risk
39,19215.36,409,5000.0,9,6.13,0.2602084998667732,False,True,False,False,False,False,True,True,False,False,False,False,0.5861422208021289,1,Medium Risk
40,12210.18,349,2958.54,9,8.84,0.2423010962983346,False,False,True,False,False,True,False,False,False,False,True,False,0.5590709954102795,1,Medium Risk
48,102698.86,799,5000.0,3,3.66,0.0486860321526451,True,False,False,False,False,False,False,False,False,False,False,True,0.10046137611326478,0,Low Risk
39,31036.75,395,5000.0,6,1.3,0.1610993419091883,True,False,False,False,False,False,False,False,True,False,False,False,0.557342688411563,0,Medium Risk
40,5000.0,331,489.27,9,5.62,0.097854,False,False,True,False,False,False,True,False,True,False,False,False,0.5983041449464088,1,Medium Risk
20,38706.58,447,5000.0,12,7.27,0.1291770029798551,False,False,False,True,False,False,False,False,False,True,False,False,0.6020115419691605,1,High Risk
23,7662.15,319,1881.1,12,1.42,0.2455055043297246,False,True,False,False,False,False,True,True,False,False,False,False,0.5950808348196311,1,Medium Risk
35,22098.01,454,5000.0,3,7.39,0.2262647179542411,False,True,False,False,False,False,True,False,False,False,False,False,0.5803885432144439,0,Medium Risk
50,62974.61,583,5000.0,12,1.99,0.0793970776476424,True,False,False,False,False,False,False,False,False,False,True,False,0.11265760957816238,0,Low Risk
31,42785.66,480,5000.0,3,5.71,0.116861583998003,False,False,False,False,False,False,True,False,False,False,True,False,0.6242680192886984,1,High Risk
22,27474.17,448,5000.0,3,2.16,0.1819891192345392,True,False,False,False,False,True,False,False,True,False,False,False,0.5170512580581734,1,Medium Risk
34,6530.53,330,1366.54,9,8.48,0.2092540727934792,False,False,True,True,False,False,False,False,True,False,False,False,0.5544235290737002,0,Medium Risk
21,66007.65,660,5000.0,6,2.65,0.075748795783519,True,False,False,False,True,False,False,False,False,False,True,False,0.07811390869969012,0,Low Risk
56,61570.29,550,5000.0,3,9.64,0.0812079982082267,False,False,False,False,False,False,True,True,False,False,False,False,0.1976787161656139,1,Low Risk
59,64209.81,592,5000.0,9,4.32,0.0778697211532007,False,False,False,False,False,False,True,False,True,False,False,False,0.09120589575808856,0,Low Risk
53,9287.2,356,4724.69,3,4.21,0.5087313722112153,False,True,False,False,False,True,False,False,False,True,False,False,0.5780049715379806,1,Medium Risk
28,11073.33,361,2191.21,3,2.34,0.1978817573394814,False,False,True,False,False,True,False,False,False,False,False,True,0.51351860309909,0,Medium Risk
46,12088.87,300,1108.75,3,9.55,0.0917165955130628,False,False,True,False,True,False,False,False,False,False,False,False,0.6083241016706035,1,High Risk
39,5000.0,300,1473.14,3,9.6,0.294628,False,False,True,True,False,False,False,False,False,False,True,False,0.5315465334372795,1,Medium Risk
24,22777.02,371,5000.0,6,7.6,0.2195194981608656,True,False,False,False,True,False,False,False,False,False,False,True,0.5758374657772883,1,Medium Risk
47,22268.93,324,5000.0,9,1.75,0.2245280756641652,False,True,False,False,True,False,False,False,False,False,False,True,0.5970779531532773,1,Medium Risk
20,6282.76,300,2262.1,6,7.37,0.360048768375682,False,False,True,False,True,False,False,False,False,True,False,False,0.6044208272377055,1,High Risk
34,15379.55,351,5000.0,12,6.08,0.3251070414934117,False,True,False,False,True,False,False,False,False,True,False,False,0.5711326941756318,1,Medium Risk
56,66915.17,591,5000.0,12,6.97,0.0747214719771316,False,False,False,False,True,False,False,False,False,False,False,False,0.04415754621602476,0,Low Risk
53,22086.2,394,5000.0,9,9.06,0.2263857069120084,False,True,False,False,True,False,False,False,True,False,False,False,0.6081690890282732,0,High Risk
20,33827.54,473,5000.0,3,8.62,0.1478085607170962,False,False,False,False,False,False,True,False,True,False,False,False,0.5509087709568723,0,Medium Risk
41,81794.3,722,5000.0,3,1.08,0.0611289539735653,False,False,False,True,False,False,False,False,False,False,True,False,0.13170716629591767,0,Low Risk
27,87254.82,710,5000.0,3,5.83,0.0573034246131044,True,False,False,True,False,False,False,True,False,False,False,False,0.08795433790038233,1,Low Risk
31,13089.28,337,3978.18,12,5.53,0.3039265719734011,False,False,True,False,False,True,False,False,False,True,False,False,0.5448793092271828,0,Medium Risk
51,15841.55,320,2253.51,9,2.33,0.1422531254833018,False,False,False,True,False,False,False,False,False,True,False,False,0.5242848562650433,1,Medium Risk
53,15878.79,402,100.0,9,7.21,0.0062977090823671,False,False,True,False,False,False,False,False,False,False,False,False,0.5341784813181636,0,Medium Risk
31,11167.58,354,5000.0,6,6.39,0.4477245741691575,False,False,True,False,False,False,True,False,True,False,False,False,0.5548451281809196,1,Medium Risk
47,19997.1,323,5000.0,3,6.62,0.2500362552570123,False,True,False,False,False,False,False,False,True,False,False,False,0.6481205864606474,1,High Risk
26,19352.75,429,5000.0,12,3.62,0.2583612148144321,False,True,False,False,False,False,True,False,False,False,False,True,0.5434838876439041,0,Medium Risk
22,52425.87,494,5000.0,6,5.34,0.0953727615774425,False,False,False,True,False,False,False,False,False,False,False,True,0.6379972291867041,1,High Risk
33,17482.22,365,5000.0,6,2.72,0.286004866658811,False,False,False,False,False,False,True,False,True,False,False,False,0.5954110795038173,0,Medium Risk
23,5000.0,300,1623.3,12,6.48,0.32466,False,False,True,False,False,True,False,False,True,False,False,False,0.6039265066592604,0,High Risk
58,77907.96,688,5000.0,6,3.94,0.0641782944900623,False,False,False,False,False,False,False,True,False,False,False,False,0.06530353764662367,0,Low Risk
25,18230.25,308,2994.63,6,6.32,0.1642670835561772,False,True,False,False,True,False,False,False,False,True,False,False,0.5952355044423868,1,Medium Risk
39,41368.13,534,4297.57,3,3.83,0.1038860108010683,False,False,False,False,False,False,True,False,False,False,False,False,0.4783896397057095,0,Medium Risk
20,10213.42,317,5000.0,6,1.84,0.4895519816085111,False,False,True,False,True,False,False,False,False,False,False,False,0.588879884135859,1,Medium Risk
31,30441.64,404,4043.19,3,6.44,0.1328177456930704,True,False,False,False,False,False,True,True,False,False,False,False,0.5356422309899633,0,Medium Risk
21,11313.44,349,4905.01,9,4.33,0.4335560183286427,False,True,False,False,False,False,False,True,False,False,False,False,0.550780883151571,1,Medium Risk
24,16489.41,379,950.11,6,7.21,0.0576194054244512,False,True,False,False,False,False,False,False,False,False,False,True,0.5456399621977968,0,Medium Risk
43,79366.73,710,5000.0,6,2.89,0.0629986897532505,True,False,False,False,False,True,False,True,False,False,False,False,0.07386559554661538,0,Low Risk
23,12964.3,400,5000.0,6,6.27,0.3856745061437949,False,True,False,True,False,False,False,False,True,False,False,False,0.5504440920135578,0,Medium Risk
49,19253.2,364,5000.0,6,6.19,0.2596970893150229,False,False,False,False,False,False,True,True,False,False,False,False,0.6407488334082427,0,High Risk
23,51925.45,586,5000.0,12,5.17,0.0962918954000398,True,False,False,False,True,False,False,False,True,False,False,False,0.08216044656748643,0,Low Risk
54,29160.55,488,5000.0,12,2.84,0.1714645299900036,False,True,False,False,False,True,False,False,False,False,False,False,0.573582961893215,0,Medium Risk
37,65930.39,620,5000.0,6,4.59,0.0758375614037775,True,False,False,False,False,False,True,False,False,False,True,False,0.087810831904722,0,Low Risk
57,17754.94,391,5000.0,6,5.93,0.2816117655142738,False,True,False,True,False,False,False,False,False,True,False,False,0.5704411033755986,1,Medium Risk
18,32452.31,388,5000.0,12,8.02,0.1540722370764977,False,False,False,False,False,False,True,False,False,False,True,False,0.5845664501840137,0,Medium Risk
52,18501.07,394,5000.0,3,3.24,0.270254639326266,False,False,True,True,False,False,False,False,False,False,False,False,0.542684308632085,1,Medium Risk
53,17527.1,352,5000.0,9,1.47,0.2852725208391576,False,False,True,False,False,True,False,False,False,False,False,True,0.5790018395606208,1,Medium Risk
35,21851.71,371,1734.23,12,1.41,0.0793635829873268,False,False,False,False,False,True,False,True,False,False,False,False,0.6090961739158053,0,High Risk
31,44993.33,582,5000.0,3,9.86,0.1111275826883673,True,False,False,False,False,False,True,False,True,False,False,False,0.08516307718300277,0,Low Risk
37,52891.59,608,5000.0,12,3.52,0.0945329871913474,True,False,False,False,False,True,False,True,False,False,False,False,0.08102872492600241,0,Low Risk
37,54223.65,470,4712.74,12,9.26,0.0869129982950244,False,False,False,False,False,False,True,False,False,False,False,True,0.5228012179826895,1,Medium Risk
25,46434.22,533,5000.0,9,8.81,0.1076792072742903,False,False,False,False,False,True,False,False,False,False,False,False,0.6453215414488883,0,High Risk
42,81437.6,683,5000.0,3,9.91,0.0613967012780337,False,False,False,False,True,False,False,False,False,False,False,True,0.07686759728797427,0,Low Risk
50,83900.09,736,5000.0,3,3.36,0.0595946917339421,False,False,False,False,False,True,False,True,False,False,False,False,0.09413802883025985,0,Low Risk
50,70359.09,675,5000.0,6,4.9,0.071064023141857,False,False,False,False,False,True,False,False,False,False,False,True,0.07774812172550714,0,Low Risk
30,53819.47,585,5000.0,3,5.43,0.0929031816924246,True,False,False,False,False,False,False,False,False,False,False,False,0.06083337224448506,0,Low Risk
48,77116.68,682,5000.0,6,9.58,0.0648368161077473,False,False,False,False,False,True,False,False,False,False,True,False,0.2357506551107586,0,Low Risk
32,23019.42,379,5000.0,6,2.24,0.2172079053251559,True,False,False,False,False,False,True,False,True,False,False,False,0.5733800944972385,1,Medium Risk
22,13571.71,337,2062.82,3,6.97,0.1519941112800082,False,True,False,False,True,False,False,False,False,False,False,False,0.5292643192496055,0,Medium Risk
41,50814.25,497,5000.0,9,8.35,0.0983975951627742,False,False,False,False,False,False,True,False,False,False,False,True,0.6331416081621921,0,High Risk
41,9660.35,300,4500.9,3,2.96,0.4659147960477622,False,False,True,True,False,False,False,False,True,False,False,False,0.6402738444330267,0,High Risk
19,7791.07,300,616.7,6,8.31,0.0791547245757001,False,False,True,False,True,False,False,False,False,False,False,True,0.6083673472363008,0,High Risk
54,92527.42,737,5000.0,9,6.19,0.0540380354277683,True,False,False,False,False,True,False,False,False,False,False,True,0.13234278914061606,0,Low Risk
51,17598.24,300,4881.82,9,7.27,0.2774038767513114,False,True,False,False,False,False,False,False,False,False,True,False,0.7016673367701213,0,High Risk
54,52488.44,531,5000.0,12,4.14,0.0952590703781632,False,False,False,True,False,False,False,True,False,False,False,False,0.6208091037235962,1,High Risk
23,48111.42,543,1121.65,3,5.08,0.0233135916586955,True,False,False,False,False,False,False,False,True,False,False,False,0.4030718888695308,0,Medium Risk
47,69540.01,647,100.0,12,8.34,0.0014380210759244,True,False,False,False,False,False,False,False,True,False,False,False,0.16259230735246102,0,Low Risk
32,50074.24,598,5000.0,3,8.05,0.0998517401362457,False,False,False,True,False,False,False,False,False,False,False,False,0.06796369041138478,0,Low Risk
34,11252.2,333,1441.98,6,7.0,0.1281509393718561,False,False,True,False,False,False,False,True,False,False,False,False,0.5791692563050019,0,Medium Risk
29,9819.16,300,4877.59,3,9.23,0.4967420838442392,False,False,True,False,False,False,False,True,False,False,False,False,0.6732443505854717,1,High Risk
49,58125.05,536,5000.0,6,4.07,0.0860214313794138,True,False,False,True,False,False,False,False,True,False,False,False,0.6872048572393562,1,High Risk
19,27082.24,442,5000.0,12,6.31,0.1846228376973248,False,False,False,False,False,False,False,False,False,False,False,True,0.5903064754449909,0,Medium Risk
27,66353.11,593,5000.0,12,7.24,0.0753544182028543,True,False,False,True,False,False,False,False,False,False,False,False,0.13390965788336529,0,Low Risk
21,43869.66,437,5000.0,12,6.38,0.1139739856657197,True,False,False,False,False,False,False,True,False,False,False,False,0.670416833004454,1,High Risk
49,69632.51,616,5000.0,3,8.4,0.0718055402569863,False,False,False,True,False,False,False,False,False,False,False,False,0.06834328536053733,0,Low Risk
48,48358.36,569,5000.0,12,6.96,0.1033947387793961,False,False,False,False,False,False,True,False,False,False,False,False,0.08512370981193454,0,Low Risk
31,37384.1,398,5000.0,3,5.65,0.1337466998001824,False,False,False,False,False,False,True,False,False,False,True,False,0.5876500034065035,0,Medium Risk
50,15827.43,382,5000.0,12,9.83,0.315907257211057,False,False,True,False,True,False,False,False,False,False,False,True,0.5738111714583493,0,Medium Risk
23,10138.47,300,100.0,3,3.69,0.0098634212065528,False,False,True,False,False,True,False,False,False,True,False,False,0.5144645076799427,1,Medium Risk
31,17712.82,352,5000.0,9,4.7,0.2822814210272559,False,True,False,False,True,False,False,False,False,False,False,True,0.586588192712931,1,Medium Risk
35,41159.12,484,5000.0,12,7.65,0.1214797595283864,False,False,False,True,False,False,False,False,False,False,False,False,0.6315346003168356,0,High Risk
31,34779.84,451,5000.0,12,2.05,0.1437614434108955,False,False,False,False,True,False,False,False,True,False,False,False,0.6001591235803783,0,High Risk
43,36139.33,395,5000.0,12,8.43,0.1383534227114891,False,False,False,True,False,False,False,False,False,False,False,False,0.6279137909710149,1,High Risk
45,102871.91,757,5000.0,9,1.96,0.0486041330427324,False,False,False,False,False,False,False,False,False,False,False,True,0.12074312477944937,0,Low Risk
35,45715.93,502,5000.0,9,7.78,0.1093710660594676,False,False,False,False,False,True,False,False,True,False,False,False,0.6753411945101752,1,High Risk
22,13643.45,418,3775.48,6,5.19,0.2767247287159772,False,True,False,False,False,False,False,False,True,False,False,False,0.48463714209967157,1,Medium Risk
47,11490.19,338,2207.03,6,2.37,0.1920795043423999,False,True,False,False,False,False,True,False,False,False,False,True,0.5250527250594835,0,Medium Risk
20,37123.53,450,5000.0,6,1.76,0.1346854676804711,True,False,False,False,False,True,False,False,False,False,False,True,0.5809950558629918,1,Medium Risk
29,46008.84,488,5000.0,6,9.89,0.1086747677185514,False,False,False,False,False,False,False,False,False,True,False,False,0.4741328751571543,0,Medium Risk
20,6995.86,300,1771.01,12,7.54,0.2531511493940702,False,True,False,False,False,False,False,False,False,False,False,False,0.6267278365553789,1,High Risk
51,49477.51,560,5000.0,6,6.97,0.101056015147084,False,False,False,False,True,False,False,False,True,False,False,False,0.060377760256606565,0,Low Risk
30,38490.32,412,5000.0,12,1.19,0.1299027911433316,False,False,False,False,False,False,False,False,False,False,False,True,0.600040572152354,0,High Risk
41,16007.89,308,3133.01,6,9.9,0.1957166122455864,False,False,True,False,False,False,True,False,False,False,False,True,0.5601333345203836,1,Medium Risk
56,6313.5,329,2627.24,3,4.56,0.4161305139779837,False,False,True,False,False,True,False,False,False,False,True,False,0.5501867947211008,1,Medium Risk
31,19277.83,355,5000.0,3,5.25,0.2593652916329275,False,True,False,False,True,False,False,False,True,False,False,False,0.6118210525270552,1,High Risk
56,10088.97,300,3043.94,6,4.1,0.3017096888978756,False,False,True,False,False,False,False,False,False,False,True,False,0.6442533165846038,0,High Risk
37,8847.87,312,4517.4,12,8.92,0.5105635593651352,False,False,True,False,False,False,True,False,True,False,False,False,0.5921235109162355,0,Medium Risk
36,23151.62,381,5000.0,9,3.62,0.2159676083142346,False,False,False,True,False,False,False,False,False,True,False,False,0.6021973458242984,0,High Risk
58,51319.83,511,5000.0,3,5.19,0.0974282260872649,False,False,False,False,True,False,False,False,True,False,False,False,0.6314646194975526,1,High Risk
57,101541.6,762,5000.0,9,8.49,0.0492409022509001,True,False,False,False,False,True,False,False,True,False,False,False,0.16639852775852224,0,Low Risk
19,7164.53,305,3472.5,9,7.54,0.4846793858075826,False,False,True,False,False,False,False,False,False,False,False,False,0.5899991815088579,0,Medium Risk
59,17728.61,332,3829.67,3,7.98,0.2160163712778385,False,False,False,False,False,False,False,False,False,False,False,False,0.5415524788948168,0,Medium Risk
44,33183.54,440,5000.0,9,9.26,0.1506771128095435,False,False,False,False,True,False,False,False,False,False,False,False,0.5517798792654784,0,Medium Risk
36,35953.81,473,5000.0,6,4.78,0.1390673199863936,False,False,False,False,False,False,True,False,False,False,False,True,0.569349660679973,1,Medium Risk
48,19845.83,347,5000.0,9,7.45,0.2519420956442739,False,True,False,False,False,True,False,False,False,False,False,False,0.6461323941455567,0,High Risk
26,17124.83,365,5000.0,9,6.01,0.2919737013447724,False,True,False,False,False,False,True,False,False,False,False,False,0.604994207792843,0,High Risk
44,15904.07,360,1671.8,12,1.75,0.105117746589395,False,True,False,False,True,False,False,False,False,False,False,True,0.5648598145155403,0,Medium Risk
44,34264.74,452,5000.0,9,3.34,0.1459226014847916,False,False,False,False,False,True,False,False,False,False,False,False,0.5648948762751249,0,Medium Risk
44,13286.41,300,4085.41,9,1.25,0.3074878767101121,False,True,False,False,False,False,True,False,False,True,False,False,0.6770705187983823,1,High Risk
51,22650.41,423,5000.0,9,3.76,0.2207465560226062,False,True,False,True,False,False,False,False,False,False,False,True,0.5528265131982099,1,Medium Risk
21,14078.32,399,5000.0,9,3.51,0.3551560129333613,False,True,False,False,False,False,True,False,False,False,False,False,0.5032843931307694,0,Medium Risk
49,65747.66,558,4892.51,6,7.73,0.0744134468055593,True,False,False,False,False,False,False,False,False,True,False,False,0.23205796270701604,0,Low Risk
40,43739.5,522,5000.0,12,6.24,0.1143131494415802,False,False,False,False,False,False,True,False,False,True,False,False,0.6549874689291968,0,High Risk
53,91191.0,794,5000.0,9,7.14,0.054829972256034,True,False,False,True,False,False,False,True,False,False,False,False,0.07558544515605213,0,Low Risk
34,14153.35,300,5000.0,12,4.28,0.3532732533287172,False,False,True,False,False,False,True,False,True,False,False,False,0.7348724652967021,1,High Risk
18,38386.31,521,5000.0,3,5.87,0.1302547705158427,True,False,False,True,False,False,False,False,True,False,False,False,0.5101700122366897,0,Medium Risk
34,18643.82,438,4318.7,9,3.33,0.2316424423750068,False,True,False,False,False,True,False,True,False,False,False,False,0.5522445620233672,0,Medium Risk
49,63316.41,608,3703.24,6,5.77,0.0584878390925827,True,False,False,False,False,True,False,False,False,False,True,False,0.09478616900745872,0,Low Risk
33,11682.69,300,3529.92,12,5.6,0.3021495905480673,False,True,False,False,False,False,True,False,False,False,False,True,0.5394676037809447,0,Medium Risk
43,34474.97,415,5000.0,3,2.05,0.1450327585491735,False,False,False,False,False,False,True,False,False,False,False,True,0.5748664948427917,1,Medium Risk
31,15026.62,350,4335.3,12,8.42,0.288507994479131,False,False,True,False,False,False,False,False,False,False,False,True,0.5960189726811314,1,Medium Risk
30,81796.95,709,5000.0,12,9.92,0.0611269735607501,True,False,False,True,False,False,False,False,False,False,False,True,0.14138930211649905,0,Low Risk
36,12096.49,319,4090.22,6,7.42,0.3381327971998488,False,True,False,False,True,False,False,False,False,True,False,False,0.535749574699143,1,Medium Risk
38,8485.98,352,4066.83,6,7.9,0.4792410540680039,False,True,False,False,False,False,False,False,False,False,False,True,0.5010297265272453,1,Medium Risk
47,10750.43,323,3747.07,6,2.76,0.3485507091344253,False,True,False,False,False,False,False,False,False,True,False,False,0.5175461881114366,0,Medium Risk
37,19756.23,300,3147.82,9,8.56,0.1593330306440044,False,True,False,False,True,False,False,False,True,False,False,False,0.6679664527533877,0,High Risk
39,8728.72,300,1688.45,12,7.32,0.1934361510049583,False,True,False,True,False,False,False,False,False,False,True,False,0.6695967315868658,1,High Risk
20,30343.21,425,5000.0,9,6.82,0.1647815112507872,False,False,False,False,False,False,False,False,False,False,True,False,0.5645165590038571,0,Medium Risk
36,10874.86,312,2332.67,9,5.32,0.2145011521987409,False,True,False,False,False,False,True,False,False,True,False,False,0.5985426353542289,0,Medium Risk
28,5023.75,300,1563.02,9,9.9,0.311126150783777,False,False,True,True,False,False,False,False,False,False,True,False,0.5578289143683058,1,Medium Risk
22,6938.74,348,1282.71,12,8.85,0.1848620931177706,False,True,False,False,False,True,False,False,False,False,False,True,0.5056704329401789,0,Medium Risk
43,46792.83,560,5000.0,9,2.95,0.1068539774149159,False,False,False,False,True,False,False,False,False,False,False,True,0.14207478072025484,0,Low Risk
54,24418.88,413,5000.0,6,8.92,0.2047595958537,False,True,False,False,False,False,False,False,False,True,False,False,0.5372849319734493,1,Medium Risk
28,5000.0,338,582.27,12,8.19,0.116454,False,False,True,False,False,True,False,False,False,True,False,False,0.5864268532387598,0,Medium Risk
30,40285.04,454,5000.0,9,9.32,0.1241155525723693,True,False,False,True,False,False,False,False,False,False,False,True,0.6061308820396936,0,High Risk
38,18547.72,332,5000.0,12,5.65,0.2695749127116432,False,True,False,False,True,False,False,False,False,False,False,False,0.6100802683740664,0,High Risk
36,11925.09,302,4005.94,3,1.99,0.3359253473139406,False,True,False,False,False,True,False,False,False,False,True,False,0.5972402128780362,1,Medium Risk
38,22950.62,440,5000.0,6,1.55,0.2178590382307755,False,True,False,True,False,False,False,False,False,True,False,False,0.5452134727779931,1,Medium Risk
37,13749.83,315,5000.0,6,4.26,0.3636408595597182,False,False,True,False,False,True,False,False,True,False,False,False,0.6508164121094332,1,High Risk
28,18365.99,300,3587.77,3,7.64,0.1953485763631582,True,False,False,False,False,False,True,True,False,False,False,False,0.7041937541698617,1,High Risk
36,57348.98,483,5000.0,9,6.19,0.087185508791961,False,False,False,False,False,False,True,False,False,True,False,False,0.6181099117861387,1,High Risk
37,12603.99,305,2745.13,3,3.65,0.2177984907953751,False,False,True,False,True,False,False,False,False,False,False,True,0.649816289917498,1,High Risk
34,45119.87,410,5000.0,6,1.16,0.1108159221203429,False,False,False,False,False,False,False,False,False,False,False,False,0.6251464793510428,1,High Risk
50,17329.28,337,5000.0,6,6.7,0.2885290098607674,False,True,False,False,False,False,True,False,True,False,False,False,0.6293329135339584,0,High Risk
52,83373.21,665,5000.0,3,7.57,0.0599713025323122,False,False,False,False,False,False,False,False,False,False,False,False,0.09815476306795698,0,Low Risk
27,18990.02,300,4844.31,12,4.33,0.2550976776222458,False,True,False,False,False,False,True,False,False,False,False,True,0.7464341063688806,1,High Risk
50,18710.62,300,4959.83,6,8.16,0.2650810074706236,False,True,False,False,False,True,False,True,False,False,False,False,0.6587652283442723,0,High Risk
51,16211.99,333,5000.0,6,7.28,0.308413711086671,False,False,True,False,True,False,False,False,False,False,False,True,0.580835457333332,0,Medium Risk
44,9960.76,300,170.29,6,2.64,0.0170960850376878,False,False,True,False,True,False,False,True,False,False,False,False,0.5424774884111467,1,Medium Risk
28,52077.08,537,5000.0,9,6.63,0.0960115275280411,True,False,False,False,True,False,False,True,False,False,False,False,0.6191991785204207,1,High Risk
32,86505.67,690,5000.0,3,1.94,0.0577996794892173,True,False,False,False,True,False,False,False,False,True,False,False,0.05114235349301568,0,Low Risk
18,62052.9,554,5000.0,12,2.31,0.0805764114167105,True,False,False,False,False,False,False,False,False,False,False,False,0.1579184433688437,0,Low Risk
32,38052.88,422,5000.0,6,3.16,0.131396099322837,True,False,False,False,False,False,False,False,False,False,True,False,0.5975319339252149,0,Medium Risk
53,52641.87,501,5000.0,6,1.31,0.0949814282813281,False,False,False,False,False,False,True,True,False,False,False,False,0.508645712073691,0,Medium Risk
47,67276.78,587,5000.0,6,7.34,0.0743198470557003,True,False,False,True,False,False,False,False,False,True,False,False,0.11603581403040827,0,Low Risk
41,33053.94,374,5000.0,3,1.2,0.1512678972612644,True,False,False,False,False,True,False,False,True,False,False,False,0.533862518649227,1,Medium Risk
35,7582.07,300,1907.12,6,9.85,0.2515302549303818,False,False,True,False,False,True,False,False,False,False,False,False,0.5814098284552867,1,Medium Risk
40,12048.78,319,2538.56,12,5.26,0.2106902109591178,False,False,True,False,True,False,False,True,False,False,False,False,0.6152377844889171,1,High Risk
35,55461.8,539,5000.0,12,8.68,0.0901521407527343,False,False,False,True,False,False,False,True,False,False,False,False,0.5845460435013546,0,Medium Risk
57,70462.97,722,5000.0,12,3.91,0.0709592570395485,True,False,False,True,False,False,False,False,False,False,False,False,0.121841714000075,0,Low Risk
59,70855.11,587,5000.0,9,2.65,0.0705665406489383,True,False,False,False,False,True,False,False,False,False,False,True,0.12176921951467627,0,Low Risk
26,43134.13,475,100.0,12,6.07,0.0023183497615461,False,False,False,False,False,False,False,False,False,True,False,False,0.6197792279459304,1,High Risk
25,26895.71,484,2905.89,3,5.64,0.1080428811881151,False,True,False,False,False,False,False,False,False,False,True,False,0.46212742169946175,1,Medium Risk
23,8246.17,334,2062.9,6,6.62,0.2501646218790057,False,False,True,False,True,False,False,False,False,True,False,False,0.5361976053899189,1,Medium Risk
27,8889.25,335,2375.62,12,3.31,0.2672463931152797,False,False,True,True,False,False,False,False,False,True,False,False,0.5247711856677815,1,Medium Risk
39,51650.12,516,5000.0,6,2.4,0.096805196193155,True,False,False,False,True,False,False,False,False,False,False,False,0.651591818084988,1,High Risk
47,23800.52,393,5000.0,6,2.03,0.2100794436424078,True,False,False,False,True,False,False,False,True,False,False,False,0.563902112001077,1,Medium Risk
25,18241.84,395,5000.0,9,3.97,0.2740951570674888,False,True,False,False,False,False,False,False,True,False,False,False,0.5334279280554761,1,Medium Risk
31,11749.7,300,4364.6,6,1.12,0.3714648033566814,False,False,True,False,True,False,False,False,True,False,False,False,0.6650970087835194,1,High Risk
31,6188.87,345,2873.75,3,8.49,0.4643416326405305,False,False,True,False,False,False,False,False,True,False,False,False,0.5357895042710537,1,Medium Risk
44,23331.37,309,5000.0,3,5.57,0.2143037464152341,False,False,False,False,True,False,False,True,False,False,False,False,0.6398176918704983,0,High Risk
44,5000.0,300,1262.06,12,5.44,0.2524119999999999,False,False,True,False,False,False,False,True,False,False,False,False,0.650403562609334,1,High Risk
19,9568.6,300,2208.68,9,1.44,0.2308258261396651,False,True,False,False,True,False,False,False,False,True,False,False,0.5980826528672804,0,Medium Risk
40,40767.7,485,5000.0,9,7.84,0.1226461144484481,False,False,False,False,False,False,True,False,False,False,True,False,0.6181309803402284,0,High Risk
41,71317.15,617,5000.0,12,4.93,0.0701093635962738,False,False,False,True,False,False,False,False,False,False,False,False,0.11323934561340965,0,Low Risk
53,18617.79,371,3942.82,3,4.6,0.2117770154244945,False,True,False,True,False,False,False,False,True,False,False,False,0.537464321255102,1,Medium Risk
44,99957.28,841,5000.0,12,3.49,0.0500213691288918,True,False,False,False,False,False,False,True,False,False,False,False,0.0861965381969745,0,Low Risk
41,10574.56,320,3345.69,3,4.11,0.3163904692015554,False,False,True,False,True,False,False,False,False,False,True,False,0.6126313591150042,0,High Risk
43,15574.46,339,4155.31,9,8.62,0.2668028297610318,False,False,True,False,False,False,True,False,False,False,True,False,0.5520361055529402,0,Medium Risk
51,61755.99,628,5000.0,9,3.69,0.0809638061020477,False,False,False,False,False,False,False,False,True,False,False,False,0.06784289454865759,0,Low Risk
49,11742.11,300,1548.04,9,1.46,0.1318366119888163,False,False,True,False,False,True,False,False,True,False,False,False,0.6507259109640284,1,High Risk
48,15180.04,413,5000.0,6,9.7,0.3293798962321574,False,False,True,False,False,True,False,False,False,False,False,False,0.5163395020600698,1,Medium Risk
40,13644.66,407,4703.87,12,7.99,0.3447407264087196,False,True,False,False,False,False,True,False,False,False,False,False,0.4849708324942372,0,Medium Risk
27,5000.0,300,1738.11,9,4.14,0.347622,False,False,True,False,False,False,True,False,False,False,True,False,0.5593609946390455,1,Medium Risk
30,14661.49,370,5000.0,12,5.39,0.3410294588067106,False,False,True,False,False,True,False,False,False,False,False,True,0.6389088558618631,1,High Risk
43,45209.65,522,5000.0,3,4.49,0.1105958573003772,True,False,False,False,False,True,False,False,False,False,False,False,0.5761055149280546,0,Medium Risk
46,13304.26,319,5000.0,6,6.31,0.3758194743638504,False,True,False,False,False,False,False,True,False,False,False,False,0.6025737108188293,0,High Risk
46,13049.93,350,2160.15,12,4.47,0.1655296235305476,False,True,False,False,True,False,False,False,False,False,False,True,0.5469377036454703,1,Medium Risk
21,10830.62,390,3253.25,12,8.49,0.3003752324428334,False,False,True,False,False,False,True,False,False,False,False,True,0.547112094750768,1,Medium Risk
40,10879.94,368,3031.52,3,9.8,0.278633889525126,False,True,False,False,True,False,False,False,True,False,False,False,0.5483249113910453,0,Medium Risk
30,33683.76,476,5000.0,6,1.12,0.1484394853781169,False,False,False,True,False,False,False,False,True,False,False,False,0.5296268582253156,0,Medium Risk
51,12348.35,323,5000.0,9,9.36,0.4049123972028651,False,True,False,False,True,False,False,False,False,False,False,False,0.5489981817343951,0,Medium Risk
40,40385.81,482,5000.0,9,5.05,0.1238058615142298,True,False,False,True,False,False,False,False,False,True,False,False,0.5800040235916805,0,Medium Risk
22,19022.33,395,3905.2,3,2.43,0.2052955657903106,True,False,False,False,False,True,False,False,True,False,False,False,0.5077005354324332,1,Medium Risk
39,43153.49,525,5000.0,9,8.06,0.1158654838809097,True,False,False,False,False,False,True,True,False,False,False,False,0.6075449101776683,0,High Risk
53,18935.74,406,2797.38,9,9.98,0.1477301652853281,False,True,False,True,False,False,False,False,False,False,True,False,0.5199837846249465,0,Medium Risk
54,83817.52,762,5000.0,12,1.13,0.0596533994324814,True,False,False,False,True,False,False,False,False,True,False,False,0.1514744663833525,0,Low Risk
55,24999.18,373,5000.0,6,8.62,0.200006560215175,True,False,False,False,False,True,False,False,False,False,True,False,0.5265110100263395,0,Medium Risk
30,5000.0,304,2118.92,6,8.11,0.423784,False,False,True,True,False,False,False,False,False,False,False,True,0.49762418876456943,0,Medium Risk
20,9054.12,300,669.25,3,8.38,0.0739166258012926,False,True,False,False,False,True,False,True,False,False,False,False,0.6655909521030868,0,High Risk
57,66611.11,633,5000.0,12,1.11,0.0750625533788582,True,False,False,False,False,False,True,False,False,True,False,False,0.14653051978650372,0,Low Risk
38,15375.69,332,2853.07,3,1.75,0.185557201010166,False,True,False,False,False,False,True,False,False,True,False,False,0.5557923442933618,0,Medium Risk
38,14337.01,403,2995.65,6,6.06,0.208945240325563,False,True,False,False,False,True,False,True,False,False,False,False,0.5192553064218124,0,Medium Risk
57,48659.3,498,5000.0,3,9.56,0.1027552800800669,True,False,False,False,False,False,False,False,True,False,False,False,0.513048082075701,0,Medium Risk
26,12613.9,352,3796.72,9,8.65,0.3009949341599346,False,True,False,False,False,False,True,False,False,False,True,False,0.5260071649740546,1,Medium Risk
40,5217.2,300,624.73,12,5.56,0.1197443072912673,False,False,True,False,True,False,False,False,False,False,True,False,0.6160421373006677,1,High Risk
22,8489.6,331,4652.14,6,8.76,0.5479810591782888,False,False,True,False,False,True,False,False,False,False,False,False,0.5962317206769383,0,Medium Risk
48,66562.92,554,1050.73,3,1.4,0.0157855154190951,False,False,False,False,False,False,False,False,False,False,False,False,0.20874669602521184,0,Low Risk
36,26283.53,373,5000.0,12,8.78,0.1902331992696567,True,False,False,False,False,False,False,False,False,False,True,False,0.5892901456369218,0,Medium Risk
29,44885.9,519,5000.0,6,4.27,0.1113935556600179,False,False,False,False,False,True,False,False,False,False,False,True,0.6216469439468979,0,High Risk
55,7627.29,300,833.25,9,7.75,0.1092458789425864,False,False,True,False,True,False,False,False,False,False,False,True,0.5859133884671854,0,Medium Risk
20,49333.97,504,5000.0,12,7.8,0.1013500433879535,True,False,False,False,False,False,True,False,True,False,False,False,0.5866348363076939,1,Medium Risk
47,47298.09,504,5000.0,6,5.56,0.1057125139725515,True,False,False,False,True,False,False,False,False,True,False,False,0.5776828787036057,0,Medium Risk
39,23366.12,376,5000.0,3,5.42,0.2139850347426102,True,False,False,True,False,False,False,False,False,True,False,False,0.6049218806253431,0,High Risk
54,86710.69,752,5000.0,6,3.98,0.0576630170974305,True,False,False,False,False,False,True,False,False,False,False,True,0.12633453840744358,0,Low Risk
59,78664.16,538,5000.0,3,8.61,0.0635613473785266,True,False,False,False,True,False,False,False,False,False,True,False,0.4640969541804231,0,Medium Risk
49,20361.81,383,5000.0,9,9.44,0.2455577377453183,False,True,False,False,False,False,True,True,False,False,False,False,0.6467649972867211,0,High Risk
26,103868.99,848,5000.0,6,4.02,0.0481375625198627,True,False,False,False,False,False,False,False,False,False,True,False,0.08215563147258109,0,Low Risk
18,55265.86,585,5000.0,12,5.77,0.09047176683761,True,False,False,True,False,False,False,False,True,False,False,False,0.0977942456701092,0,Low Risk
34,9339.0,379,3168.75,9,8.0,0.3393029232251847,False,False,True,False,False,False,False,False,False,True,False,False,0.5140880986290192,0,Medium Risk
43,80084.48,639,5000.0,12,9.29,0.0624340696224786,True,False,False,False,True,False,False,False,False,False,False,False,0.1275434276187098,0,Low Risk
54,26284.55,340,5000.0,12,9.59,0.1902258170674407,False,True,False,False,False,False,True,False,False,False,False,False,0.6869882219468907,0,High Risk
44,46885.12,519,5000.0,12,1.07,0.1066436430150973,False,False,False,False,False,False,True,False,False,False,False,False,0.551968692160598,0,Medium Risk
21,8965.07,300,3129.78,3,6.69,0.349108261285188,False,True,False,True,False,False,False,False,False,True,False,False,0.5937468305732346,1,Medium Risk
36,50515.01,429,5000.0,12,4.54,0.098980481247059,False,False,False,True,False,False,False,False,True,False,False,False,0.6827908036841669,0,High Risk
55,14819.46,355,5000.0,6,9.04,0.3373942100454403,False,False,True,True,False,False,False,False,False,False,True,False,0.5521735127666024,0,Medium Risk
46,9786.19,399,2695.91,3,3.33,0.2754810605557423,False,False,True,False,False,False,True,False,True,False,False,False,0.5408297819827143,0,Medium Risk
58,22770.99,409,5000.0,12,6.7,0.2195776292554693,False,True,False,True,False,False,False,True,False,False,False,False,0.5944869837498405,1,Medium Risk
38,8229.39,300,3194.05,9,9.13,0.388127188041884,False,True,False,False,True,False,False,False,False,False,True,False,0.6274808209015632,0,High Risk
19,43139.41,510,5000.0,9,2.78,0.1159033004855652,False,False,False,False,False,True,False,False,False,False,False,True,0.6158280635349631,0,High Risk
28,11708.39,308,1928.76,3,1.63,0.1647331528929255,False,False,True,True,False,False,False,True,False,False,False,False,0.6205790498587505,0,High Risk
50,72103.36,702,5000.0,12,9.27,0.0693448959937512,False,False,False,False,True,False,False,False,False,True,False,False,0.07444488334339328,0,Low Risk
58,94470.0,669,5000.0,12,2.8,0.0529268550862707,True,False,False,False,False,False,True,False,False,False,False,False,0.16992359894725484,0,Low Risk
46,63176.13,646,5000.0,12,8.61,0.07914381586843,False,False,False,False,False,False,True,False,False,False,False,False,0.0819801472384031,0,Low Risk
27,74703.1,676,5000.0,3,1.08,0.0669316266660955,True,False,False,False,False,True,False,False,False,False,False,True,0.08435729715768607,0,Low Risk
46,13266.86,335,5000.0,9,6.71,0.3768789299050415,False,False,True,False,True,False,False,False,True,False,False,False,0.6194272638420375,1,High Risk
59,25657.11,380,5000.0,12,6.98,0.1948777551329826,False,True,False,False,False,True,False,False,False,False,False,False,0.6753105646312443,1,High Risk
47,61644.62,512,5000.0,12,8.78,0.0811100790304166,False,False,False,False,True,False,False,False,False,False,False,True,0.6980967949224012,1,High Risk
30,46696.54,571,5000.0,3,5.56,0.1070743142853838,False,False,False,True,False,False,False,False,False,False,False,True,0.13246287574668797,0,Low Risk
30,16651.29,372,3869.4,3,3.27,0.2323783923047403,False,False,True,False,False,False,False,False,True,False,False,False,0.5624774487854707,0,Medium Risk
55,26203.0,333,1431.33,3,6.12,0.0546246612983246,False,True,False,False,False,False,True,False,False,False,False,True,0.47016604614284896,1,Medium Risk
23,38119.38,520,5000.0,3,4.56,0.1311668762713349,False,False,False,False,True,False,False,False,True,False,False,False,0.5613057932839158,1,Medium Risk
38,50613.48,389,5000.0,12,8.15,0.0987879118369256,True,False,False,True,False,False,False,False,True,False,False,False,0.7088982345012745,1,High Risk
52,86118.75,596,5000.0,12,8.42,0.0580593657014297,True,False,False,False,True,False,False,False,False,False,False,True,0.2128573998286164,1,Low Risk
29,15749.02,363,3738.64,12,6.79,0.2373887391088461,False,True,False,False,False,True,False,True,False,False,False,False,0.5808986805908689,0,Medium Risk
50,38134.38,432,5000.0,9,3.63,0.1311152823252928,True,False,False,False,False,True,False,False,False,False,True,False,0.6224087908083801,1,High Risk
56,57862.4,623,5000.0,6,1.43,0.0864119013383475,False,False,False,False,True,False,False,False,False,False,False,False,0.046276117790655276,0,Low Risk
23,26616.15,465,2384.66,12,9.66,0.0895944755345908,False,False,False,False,True,False,False,False,True,False,False,False,0.5088805160702268,1,Medium Risk
45,10792.55,337,3837.25,3,7.29,0.3555461869530371,False,False,True,False,False,False,True,False,True,False,False,False,0.5461228826110531,0,Medium Risk
21,5000.0,300,1365.64,12,9.65,0.273128,False,False,True,False,False,True,False,False,False,True,False,False,0.6009019242713439,0,High Risk
19,5000.0,300,217.02,6,6.94,0.043404,False,False,True,False,False,False,True,False,False,False,True,False,0.43854666897568706,0,Medium Risk
35,8537.18,300,1561.09,3,6.75,0.1828578055048622,False,False,True,False,False,True,False,False,False,True,False,False,0.5384244750672315,1,Medium Risk
55,73516.2,656,5000.0,3,5.36,0.0680122204357679,False,False,False,False,False,False,False,False,False,False,False,True,0.06684261102809211,0,Low Risk
47,64422.54,656,5000.0,9,9.72,0.0776125871472934,True,False,False,True,False,False,False,False,False,False,False,True,0.10720051224597123,0,Low Risk
35,54790.67,611,5000.0,3,8.88,0.0912564128162696,False,False,False,False,True,False,False,True,False,False,False,False,0.062903527879263,0,Low Risk
27,9675.41,335,642.86,3,8.3,0.0664426623781317,False,False,True,False,False,True,False,False,False,True,False,False,0.6036560716447755,0,High Risk
25,6828.11,300,276.72,6,7.66,0.0405265878844951,False,False,True,False,False,False,True,False,False,True,False,False,0.5718430732228122,1,Medium Risk
27,16147.48,367,100.0,6,8.77,0.0061929167894928,False,True,False,False,False,True,False,False,False,True,False,False,0.5387631369410599,0,Medium Risk
33,85978.61,722,5000.0,12,3.4,0.058153999000449,True,False,False,False,False,True,False,False,True,False,False,False,0.09381188207872322,0,Low Risk
53,27684.69,413,5000.0,6,3.56,0.1806052370461796,False,True,False,False,False,False,False,False,False,True,False,False,0.5178592933731566,1,Medium Risk
26,12783.12,335,1704.51,12,3.32,0.133340686780692,False,True,False,True,False,False,False,False,False,False,False,False,0.54001955266049,1,Medium Risk
55,22618.39,388,5000.0,3,3.47,0.2210590585802084,False,True,False,True,False,False,False,False,False,True,False,False,0.5957459111103337,1,Medium Risk
55,11012.22,377,3836.92,12,6.2,0.3484238418774779,False,False,True,False,False,False,False,False,False,False,False,False,0.49029434089797236,1,Medium Risk
20,43988.37,478,217.29,6,8.0,0.0049397147473298,True,False,False,False,False,True,False,False,False,False,False,True,0.6290111083612172,0,High Risk
50,33319.83,448,5000.0,9,2.39,0.1500607896258774,False,False,False,False,False,False,True,False,True,False,False,False,0.5549640804594933,0,Medium Risk
31,19812.56,379,5000.0,6,7.38,0.2523651663389284,False,True,False,False,True,False,False,False,False,False,True,False,0.5989823963244622,1,Medium Risk
49,45272.41,472,5000.0,9,5.73,0.1104425410531491,False,False,False,False,False,False,True,False,False,False,False,False,0.6744846339633803,0,High Risk
55,14855.59,372,1234.24,9,6.69,0.0830825298759591,False,True,False,False,False,False,True,False,False,True,False,False,0.525649064024695,0,Medium Risk
45,68401.63,592,5000.0,6,5.7,0.0730976732572016,False,False,False,True,False,False,False,True,False,False,False,False,0.10959500591729443,0,Low Risk
18,5782.72,300,2018.31,3,7.37,0.3490243345691992,False,False,True,False,False,True,False,False,False,False,True,False,0.6236543060456315,1,High Risk
33,5000.0,300,465.23,9,3.88,0.093046,False,False,True,False,True,False,False,False,False,False,True,False,0.5429553639116422,1,Medium Risk
35,9418.61,348,4417.84,3,6.9,0.4690543509074056,False,False,True,False,False,True,False,True,False,False,False,False,0.5677344883987737,0,Medium Risk
34,14861.72,313,4476.79,3,1.95,0.3012296019572432,False,False,True,True,False,False,False,False,True,False,False,False,0.6130040754602439,0,High Risk
26,25607.8,338,5000.0,3,9.14,0.1952530088488663,False,False,False,False,False,False,True,False,False,False,True,False,0.6298269237299969,1,High Risk
30,19223.74,342,4449.94,6,3.16,0.2314814911146321,False,True,False,False,False,False,True,False,True,False,False,False,0.6080564295808429,1,High Risk
40,10328.73,300,4887.14,3,6.74,0.4731598173250729,False,True,False,False,False,False,False,False,False,False,False,False,0.632289912809157,1,High Risk
55,135422.43,850,5000.0,3,8.72,0.0369215055438009,True,False,False,False,False,True,False,False,False,False,True,False,0.0675762478045891,0,Low Risk
23,8191.04,322,2040.91,12,9.76,0.2491637203578544,False,False,True,False,False,False,True,True,False,False,False,False,0.5337144931568726,0,Medium Risk
53,16210.09,380,5000.0,12,6.75,0.308449860549818,False,True,False,True,False,False,False,False,True,False,False,False,0.6074282899508835,1,High Risk
47,17577.13,395,4323.45,6,3.04,0.2459701896726029,False,False,True,False,True,False,False,False,False,False,True,False,0.5932897665061596,1,Medium Risk
55,13211.66,317,2334.49,3,9.31,0.1766992187204333,False,False,True,True,False,False,False,False,False,False,False,True,0.4848094140421555,1,Medium Risk
34,18174.52,343,5000.0,9,5.9,0.2751104293263315,False,True,False,False,True,False,False,False,False,False,False,True,0.5686524134948236,1,Medium Risk
39,5000.0,405,2747.43,6,7.36,0.5494859999999999,False,False,True,True,False,False,False,False,False,False,False,False,0.4919554151091567,0,Medium Risk
30,7997.95,316,3394.08,12,5.64,0.4243687444907758,False,False,True,False,True,False,False,False,False,False,True,False,0.591162202027288,0,Medium Risk
28,14719.57,388,3329.87,3,6.89,0.2262206029116339,False,True,False,False,False,False,False,False,True,False,False,False,0.5397964714872452,0,Medium Risk
29,50297.9,502,5000.0,9,4.8,0.099407728752095,False,False,False,True,False,False,False,False,False,False,True,False,0.582669208018462,0,Medium Risk
40,10864.46,368,2706.65,3,5.59,0.2491288108198659,False,False,True,False,False,True,False,False,False,False,True,False,0.5725350610302972,0,Medium Risk
49,88998.49,705,5000.0,3,9.1,0.0561807284595502,True,False,False,False,False,False,True,False,True,False,False,False,0.09742675504022187,0,Low Risk
53,11955.94,351,3604.53,12,7.44,0.301484450407078,False,False,True,False,False,False,False,False,True,False,False,False,0.5302643982507952,0,Medium Risk
43,26317.57,456,5000.0,3,8.66,0.1899871454697375,False,True,False,False,False,True,False,False,False,False,False,True,0.6074604265212149,1,High Risk
58,59744.98,531,5000.0,3,4.73,0.0836890396481846,True,False,False,False,False,False,True,False,False,False,True,False,0.5988342083480973,1,Medium Risk
47,12536.3,306,3265.83,6,2.53,0.2605098793104823,False,True,False,False,False,False,False,False,False,True,False,False,0.6328337004887884,1,High Risk
54,12015.09,370,1144.57,6,7.24,0.0952610425722986,False,False,True,False,False,True,False,False,False,False,False,False,0.520042848337619,1,Medium Risk
40,15498.81,355,2533.84,9,8.03,0.163486099900573,False,True,False,False,False,False,True,False,False,False,False,False,0.5488451688647036,1,Medium Risk
42,16244.82,300,4640.49,12,4.4,0.2856596748994449,False,False,True,False,False,False,False,False,False,True,False,False,0.7038747467572588,1,High Risk
36,9973.12,374,2108.55,3,6.42,0.2114233058461143,False,True,False,False,False,True,False,False,False,False,False,True,0.505058528303746,0,Medium Risk
59,74286.23,629,5000.0,12,3.88,0.0673072250402261,True,False,False,False,False,False,False,False,True,False,False,False,0.0886705718031031,0,Low Risk
19,57349.38,634,5000.0,3,8.46,0.087184900691167,True,False,False,True,False,False,False,False,False,False,False,False,0.16499423337616,0,Low Risk
22,5000.0,300,1872.6,12,4.1,0.3745199999999999,False,False,True,False,False,False,True,True,False,False,False,False,0.6056606351709393,0,High Risk
51,110576.64,809,5000.0,12,5.64,0.0452175070611659,True,False,False,True,False,False,False,False,False,False,True,False,0.14467858371642064,0,Low Risk
58,104900.42,823,5000.0,6,3.31,0.0476642514872676,True,False,False,False,False,False,False,False,False,False,False,True,0.12500173018700722,0,Low Risk
31,31840.7,357,5000.0,6,8.5,0.1570317235487913,False,False,False,True,False,False,False,False,True,False,False,False,0.5900617627970279,1,Medium Risk
54,102788.28,801,5000.0,9,3.8,0.0486436780535679,True,False,False,True,False,False,False,False,False,False,False,True,0.09943504978108188,0,Low Risk
50,9013.92,313,1291.27,3,5.34,0.1432528799900598,False,True,False,False,True,False,False,True,False,False,False,False,0.5852648421428227,1,Medium Risk
20,33377.53,357,5000.0,3,7.39,0.1498013783524425,False,False,False,False,True,False,False,False,False,False,False,True,0.6250922400042334,1,High Risk
35,20198.49,469,4097.44,12,3.55,0.2028587285485201,False,True,False,False,False,False,False,False,False,False,True,False,0.5241944896037001,0,Medium Risk
43,99609.01,712,5000.0,9,8.28,0.0501962623662257,False,False,False,False,False,False,False,True,False,False,False,False,0.08041972021099453,0,Low Risk
27,36391.83,429,1095.93,12,3.63,0.0301147262998315,False,False,False,False,False,False,True,False,True,False,False,False,0.5258571483319365,1,Medium Risk
41,11158.05,300,3155.7,6,8.62,0.2828182343689085,False,False,True,True,False,False,False,False,False,False,True,False,0.6220990562383422,1,High Risk
48,105686.18,786,5000.0,3,9.56,0.0473098753309089,True,False,False,False,False,True,False,False,False,True,False,False,0.14326110612526316,0,Low Risk
24,37156.9,415,5000.0,12,3.46,0.1345645088799119,True,False,False,False,False,False,True,True,False,False,False,False,0.5703605150934469,0,Medium Risk
35,55213.13,532,5000.0,12,2.1,0.0905581697686764,True,False,False,False,False,False,True,False,False,False,False,False,0.5918756272734405,1,Medium Risk
56,70403.84,578,5000.0,12,7.7,0.0710188535170808,True,False,False,False,False,False,True,False,False,True,False,False,0.20762264444474027,0,Low Risk
51,51207.71,521,3488.18,12,7.26,0.0681182579732622,False,False,False,False,False,True,False,False,False,True,False,False,0.5618114083279155,1,Medium Risk
47,92740.01,719,5000.0,6,5.18,0.0539141628300449,True,False,False,False,True,False,False,False,False,False,False,True,0.13980348146620478,0,Low Risk
46,15072.55,368,2303.04,12,4.06,0.1527969719788622,False,False,True,True,False,False,False,False,False,False,True,False,0.5323607249021817,0,Medium Risk
46,14620.32,398,5000.0,6,4.66,0.3419897786094969,False,False,True,False,True,False,False,True,False,False,False,False,0.5389773786844111,0,Medium Risk
52,11467.66,302,3041.29,9,1.79,0.2652058048459755,False,False,True,False,False,False,True,False,False,False,False,False,0.6118210754434495,1,High Risk
43,103034.86,813,5000.0,3,8.58,0.0485272654323012,True,False,False,True,False,False,False,False,False,False,False,False,0.08353538545138982,0,Low Risk
34,67517.69,577,5000.0,9,6.59,0.0740546662659815,False,False,False,False,False,True,False,False,False,True,False,False,0.2126057221048797,0,Low Risk
25,73758.66,590,5000.0,12,7.05,0.0677886501734169,True,False,False,False,False,False,True,False,False,True,False,False,0.12267701143915875,0,Low Risk
25,35539.11,421,5000.0,3,3.61,0.1406900735555842,True,False,False,False,False,False,True,False,True,False,False,False,0.560600006552378,1,Medium Risk
45,50532.54,501,5000.0,12,1.47,0.0989461444051694,False,False,False,False,False,True,False,False,False,True,False,False,0.6333857777945163,1,High Risk
21,46078.77,432,5000.0,9,7.38,0.1085098408659779,True,False,False,False,False,False,False,False,False,False,False,True,0.6748853886851647,1,High Risk
22,44316.55,498,5000.0,3,1.97,0.1128246670826136,True,False,False,False,False,False,False,False,False,False,False,False,0.5997643228096021,1,Medium Risk
54,31771.62,434,4816.76,6,5.53,0.1516057412244009,True,False,False,False,False,False,True,False,False,False,False,False,0.5503452712761391,0,Medium Risk
32,45764.09,432,5000.0,6,1.7,0.1092559690359843,True,False,False,False,False,False,False,False,False,True,False,False,0.630809819270674,1,High Risk
41,46034.29,464,5000.0,6,3.42,0.1086146870083148,False,False,False,True,False,False,False,False,True,False,False,False,0.6790731885139973,0,High Risk
49,92573.06,643,5000.0,9,6.26,0.0540113938115473,False,False,False,False,False,False,False,False,False,True,False,False,0.1904447612845531,0,Low Risk
20,13567.75,302,5000.0,12,3.41,0.3685209412024838,False,False,True,False,False,True,False,False,False,False,False,False,0.7094791977862424,1,High Risk
22,8666.78,333,3796.36,9,5.08,0.4380358103009422,False,True,False,False,False,False,True,True,False,False,False,False,0.5277128799051192,1,Medium Risk
51,97318.4,737,147.28,9,5.76,0.0015133828751808,True,False,False,False,True,False,False,True,False,False,False,False,0.11404880969046573,0,Low Risk
56,6410.52,336,2517.61,6,1.64,0.3927310109008317,False,False,True,False,False,False,True,False,False,False,True,False,0.485997621933734,1,Medium Risk
39,58486.61,560,1926.05,3,1.24,0.0329314692713426,False,False,False,False,False,False,False,False,False,True,False,False,0.1890949443489442,0,Low Risk
34,12949.47,372,5000.0,6,8.1,0.3861161885389904,False,False,True,False,False,False,False,False,False,False,False,False,0.5965417732384046,0,Medium Risk
39,16011.1,300,3422.23,3,7.06,0.2137410921173436,False,True,False,True,False,False,False,False,False,False,False,False,0.6729157843478022,1,High Risk
46,49481.68,478,5000.0,9,5.06,0.1010474987914719,False,False,False,False,False,False,False,False,False,True,False,False,0.6456071063620699,1,High Risk
52,65825.83,613,5000.0,6,9.85,0.075958024380399,False,False,False,False,False,True,False,False,False,True,False,False,0.1536215241574974,0,Low Risk
21,29100.85,440,5000.0,12,2.38,0.1718162871531244,False,False,False,False,True,False,False,False,False,False,True,False,0.5741831017168074,1,Medium Risk
50,53421.04,584,5000.0,9,7.81,0.0935960812443935,False,False,False,True,False,False,False,False,False,True,False,False,0.09559327865691364,0,Low Risk
49,53432.01,527,5000.0,12,3.04,0.0935768652536185,False,False,False,False,True,False,False,False,False,False,False,True,0.6282304643524995,0,High Risk
44,45926.09,493,5000.0,9,4.54,0.1088705787930128,True,False,False,False,False,False,False,False,True,False,False,False,0.6474426213670248,0,High Risk
59,49706.31,511,5000.0,9,7.27,0.1005908505378894,True,False,False,True,False,False,False,False,True,False,False,False,0.6077251420173152,1,High Risk
26,9784.56,368,2917.46,12,7.12,0.2981697695144186,False,False,True,False,False,False,True,False,True,False,False,False,0.5296672024179977,0,Medium Risk
43,79735.91,660,5000.0,6,5.44,0.0627070036574486,True,False,False,False,False,False,True,False,False,False,False,False,0.12381809351648838,0,Low Risk
46,51522.92,482,5000.0,3,8.26,0.0970441892656705,False,False,False,False,False,True,False,False,False,False,False,False,0.5938435022221384,1,Medium Risk
42,5000.0,300,282.74,6,8.92,0.056548,False,False,True,False,False,True,False,False,True,False,False,False,0.48260452817391675,1,Medium Risk
50,6724.91,352,536.47,9,5.12,0.0797735583078435,False,False,True,False,False,False,True,False,False,False,False,False,0.5627427114689693,0,Medium Risk
37,55837.46,526,5000.0,9,5.6,0.0895456204490677,False,False,False,True,False,False,False,False,True,False,False,False,0.612024372824616,1,High Risk
51,64101.29,602,5000.0,12,1.67,0.0780015503588149,True,False,False,False,False,False,True,False,False,False,False,False,0.049377694040943124,0,Low Risk
38,11733.92,341,881.84,9,3.15,0.0751530605287917,False,False,True,False,False,False,True,False,False,False,False,True,0.5894221254331271,1,Medium Risk
46,93398.1,773,5000.0,6,2.7,0.0535342796052596,True,False,False,False,True,False,False,False,False,False,False,True,0.12413193323106135,0,Low Risk
54,88071.27,621,5000.0,3,5.95,0.0567722027853123,False,False,False,False,False,False,True,False,True,False,False,False,0.18458342840679676,0,Low Risk
30,14324.76,409,5000.0,9,7.3,0.349045987506946,False,False,False,False,False,False,False,False,False,False,False,False,0.5506646082463118,0,Medium Risk
27,8572.1,300,2901.32,3,6.05,0.3384608205690554,False,True,False,False,False,True,False,False,True,False,False,False,0.6328968271885496,1,High Risk
36,58796.11,532,5000.0,12,5.89,0.0850396395271728,False,False,False,False,False,False,True,False,False,False,True,False,0.6331128326521438,0,High Risk
27,29961.54,452,5000.0,9,1.88,0.166880607605617,False,False,False,True,False,False,False,False,True,False,False,False,0.5785209580906908,1,Medium Risk
59,21101.49,428,5000.0,6,3.4,0.2369500921498908,False,True,False,True,False,False,False,False,False,False,True,False,0.5804912220847235,1,Medium Risk
34,29786.07,410,5000.0,12,4.73,0.1678637027308402,True,False,False,True,False,False,False,False,False,False,False,False,0.6158003451707293,1,High Risk
30,83025.59,659,5000.0,3,3.6,0.0602223964924549,True,False,False,False,False,False,False,False,False,True,False,False,0.06106606151897692,0,Low Risk
19,51363.22,523,5000.0,6,1.76,0.0973459218483576,True,False,False,False,False,True,False,False,True,False,False,False,0.6066490698601608,1,High Risk
41,39729.8,462,5000.0,12,7.32,0.1258501175440097,False,False,False,False,False,True,False,False,False,True,False,False,0.5627808899442951,1,Medium Risk
27,38059.96,487,5000.0,3,7.94,0.131371656722708,False,False,False,False,False,False,False,False,False,False,False,False,0.5869150046078238,1,Medium Risk
42,16356.34,300,4308.73,6,4.29,0.2634287377249433,False,True,False,False,False,False,False,False,False,False,True,False,0.7396121581410102,0,High Risk
20,30832.6,390,5000.0,9,7.93,0.1621660190836971,False,False,False,False,False,True,False,False,True,False,False,False,0.6164432232163981,1,High Risk
48,9839.67,324,3564.8,6,5.86,0.3622885726858726,False,True,False,False,False,False,False,True,False,False,False,False,0.5518178217130721,0,Medium Risk
39,18521.68,365,5000.0,6,5.16,0.2699539134678927,False,True,False,False,False,True,False,False,True,False,False,False,0.6252352803207909,0,High Risk
28,17784.59,400,4545.45,3,5.9,0.2555836260492932,False,True,False,False,True,False,False,False,False,True,False,False,0.5529021420591688,1,Medium Risk
57,95406.31,744,5000.0,9,2.42,0.0524074351057073,False,False,False,False,False,False,True,False,False,False,False,True,0.10694666919610045,0,Low Risk
19,52671.71,549,100.0,3,7.02,0.0018985523728012,True,False,False,False,True,False,False,False,False,False,True,False,0.34713688294107314,1,Low Risk
43,26307.26,337,5000.0,9,2.02,0.1900616027666887,False,True,False,False,False,True,False,True,False,False,False,False,0.6169511825487715,1,High Risk
56,17654.72,368,4364.62,6,1.89,0.2472211397292055,False,False,True,False,True,False,False,False,False,False,True,False,0.5829824059104307,0,Medium Risk
38,16034.79,409,5000.0,6,3.88,0.3118219820777197,False,True,False,True,False,False,False,False,False,True,False,False,0.5106057072750648,0,Medium Risk
51,110262.54,829,5000.0,6,9.88,0.0453463161650366,True,False,False,False,False,False,False,False,False,True,False,False,0.08208506865349209,0,Low Risk
25,14362.55,384,5000.0,9,5.82,0.3481275957263856,False,False,True,False,False,False,True,True,False,False,False,False,0.6190205459152888,0,High Risk
37,19047.73,420,5000.0,9,6.47,0.2624984709464067,False,True,False,False,False,False,False,False,False,True,False,False,0.5424104713142365,1,Medium Risk
30,49042.3,582,5000.0,9,3.73,0.1019528040079686,True,False,False,False,False,False,True,False,False,False,True,False,0.09320948325275247,0,Low Risk
32,58068.62,548,5000.0,3,3.92,0.0861050253992603,True,False,False,True,False,False,False,True,False,False,False,False,0.4316606353704931,1,Medium Risk
24,46786.7,478,5000.0,6,7.8,0.1068679774380326,False,False,False,False,True,False,False,False,False,False,True,False,0.618119935044776,1,High Risk
34,39716.52,440,5000.0,6,5.55,0.1258921980072775,True,False,False,False,False,False,True,False,False,False,True,False,0.5776718784354558,1,Medium Risk
34,9026.41,373,2457.03,6,9.67,0.2722045641622749,False,False,True,False,False,True,False,True,False,False,False,False,0.5827862462016301,0,Medium Risk
21,11585.54,348,3820.3,12,7.54,0.329747253904436,False,True,False,False,True,False,False,False,False,False,False,True,0.5371515186183077,1,Medium Risk
31,11879.66,300,4039.23,9,9.61,0.3400122562430238,False,True,False,True,False,False,False,False,True,False,False,False,0.5842601592830582,0,Medium Risk
37,46048.12,551,4084.67,12,6.02,0.0887043814166571,False,False,False,True,False,False,False,False,False,False,False,False,0.1210444581562771,0,Low Risk
46,43480.24,518,100.0,12,1.28,0.0022998953087655,False,False,False,False,True,False,False,False,False,False,True,False,0.5188201940768353,1,Medium Risk
53,89562.45,737,5000.0,12,2.42,0.0558269676633455,True,False,False,False,False,False,False,False,False,False,False,False,0.11325181946924191,0,Low Risk
34,48452.28,522,5000.0,6,5.44,0.1031943182033951,False,False,False,False,False,False,False,False,False,False,False,False,0.5550638411797435,0,Medium Risk
56,16039.93,316,2322.89,9,3.24,0.144819210557652,False,True,False,True,False,False,False,False,False,False,False,False,0.5838892047529842,0,Medium Risk
35,10053.82,300,981.31,3,2.41,0.0976056861968883,False,True,False,False,False,False,False,False,False,False,False,False,0.6091480771116303,0,High Risk
39,18800.72,346,5000.0,6,9.98,0.2659472615942368,False,True,False,True,False,False,False,True,False,False,False,False,0.4878639354383256,1,Medium Risk
46,14661.46,332,5000.0,12,7.31,0.3410301566146891,False,True,False,False,False,False,False,False,False,False,False,True,0.583109628746141,0,Medium Risk
56,58892.54,550,5000.0,12,8.0,0.0849003965527722,False,False,False,False,False,False,False,False,False,False,False,True,0.20516500234901933,0,Low Risk
24,5890.64,300,567.42,6,8.1,0.0963256963589694,False,False,True,False,False,False,True,False,False,True,False,False,0.593395804345338,1,Medium Risk
59,15402.54,300,1656.62,9,8.14,0.1075549876838495,False,False,True,False,True,False,False,True,False,False,False,False,0.601230624307499,1,High Risk
42,21078.64,337,5000.0,6,2.51,0.2372069545283756,False,True,False,False,False,False,False,False,False,False,True,False,0.6065199215269717,1,High Risk
40,5297.42,300,1682.37,3,5.58,0.3175828988450981,False,False,True,False,True,False,False,False,False,True,False,False,0.6178660544746157,1,High Risk
47,18897.3,421,2639.62,6,5.44,0.1396823884893609,False,True,False,False,False,True,False,False,False,False,True,False,0.5495900756017881,0,Medium Risk
34,63398.5,551,5000.0,9,9.47,0.0788662192323162,False,False,False,False,True,False,False,False,False,True,False,False,0.254933948371936,0,Low Risk
50,7878.37,350,3893.63,9,5.32,0.4942177125471386,False,False,True,True,False,False,False,False,True,False,False,False,0.533436660689802,1,Medium Risk
29,67897.79,603,5000.0,9,8.84,0.0736400993316571,True,False,False,False,False,False,False,True,False,False,False,False,0.07966326847752203,0,Low Risk
55,40080.28,438,5000.0,6,3.85,0.1247496274976123,True,False,False,False,True,False,False,True,False,False,False,False,0.6090409788763866,0,High Risk
40,19389.54,384,5000.0,12,4.98,0.257870996423845,False,True,False,True,False,False,False,False,False,False,False,True,0.6053307139145381,1,High Risk
39,18965.85,418,3502.82,12,8.67,0.1846909049686673,False,True,False,False,False,False,False,False,False,False,False,False,0.5513388859860774,0,Medium Risk
45,25495.53,376,5000.0,9,1.91,0.1961128087943259,False,True,False,False,False,False,False,False,False,False,False,False,0.6236231745900173,0,High Risk
33,12560.76,300,1386.45,9,9.32,0.1103794674844515,False,True,False,False,False,False,False,False,False,False,False,False,0.6528232009415015,1,High Risk
37,22947.08,387,5000.0,6,7.19,0.2178926469075804,False,False,True,False,False,False,False,False,False,False,False,False,0.5834283439867685,1,Medium Risk
30,16094.93,368,5000.0,6,4.37,0.3106568341707606,False,True,False,True,False,False,False,False,False,True,False,False,0.5643481635529163,0,Medium Risk
44,77719.52,727,5000.0,12,3.61,0.064333902216586,True,False,False,False,False,False,True,True,False,False,False,False,0.05837883200729466,0,Low Risk
45,80450.34,686,5000.0,12,5.11,0.0621501413169913,True,False,False,False,False,True,False,False,False,False,False,False,0.08926767400392668,0,Low Risk
55,19102.95,366,5000.0,9,5.56,0.2617396789501098,False,False,True,False,True,False,False,False,False,True,False,False,0.5895428885809926,0,Medium Risk
26,60844.24,505,5000.0,12,9.48,0.0821770474904444,False,False,False,True,False,False,False,False,False,True,False,False,0.6335817363113185,1,High Risk
56,19875.73,441,5000.0,3,2.93,0.2515630872425818,False,False,False,False,False,False,False,False,False,False,False,False,0.5800482059649454,1,Medium Risk
20,5000.0,315,1367.1,3,6.73,0.27342,False,True,False,False,False,False,False,False,False,True,False,False,0.47853453586327177,0,Medium Risk
50,59687.75,625,5000.0,12,3.72,0.0837692826417481,True,False,False,False,False,False,True,False,False,False,False,True,0.058097550002543887,0,Low Risk
44,79271.1,729,5000.0,9,9.18,0.0630746892625433,True,False,False,False,False,False,False,False,False,True,False,False,0.06157976263996259,0,Low Risk
29,37840.14,443,5000.0,6,3.3,0.1321348176830212,False,False,False,False,False,False,False,False,False,False,False,True,0.5949928205573749,1,Medium Risk
34,45794.17,482,5000.0,9,2.83,0.1091842040154893,False,False,False,True,False,False,False,False,False,True,False,False,0.6703018758384558,0,High Risk
39,12927.34,300,4297.94,9,2.25,0.3324690152807925,False,True,False,False,False,False,False,False,False,False,False,False,0.6751839688819885,0,High Risk
24,43410.98,446,5000.0,9,8.57,0.1151782337095361,True,False,False,False,False,True,False,False,False,True,False,False,0.6594839282076244,0,High Risk
28,9101.16,331,5000.0,3,2.76,0.5493805185273086,False,True,False,False,False,True,False,False,True,False,False,False,0.6144831366851018,1,High Risk
52,15382.72,348,4652.07,6,7.8,0.3024218083667908,False,True,False,False,False,False,False,False,False,False,False,True,0.5724023682416487,0,Medium Risk
26,21213.66,385,5000.0,3,1.39,0.235697187566879,False,True,False,True,False,False,False,False,True,False,False,False,0.6070813853241721,0,High Risk
37,16354.08,307,3403.46,6,4.39,0.208110758905423,False,True,False,False,False,False,True,True,False,False,False,False,0.653823605600724,0,High Risk
59,8825.5,340,100.0,6,7.78,0.0113308027873774,False,False,True,False,True,False,False,False,False,True,False,False,0.5283874489013443,1,Medium Risk
18,9637.48,411,3025.2,3,1.12,0.3138994840975027,False,True,False,False,False,False,True,True,False,False,False,False,0.4777285037782649,0,Medium Risk
27,47868.04,548,5000.0,12,1.05,0.1044538276478418,False,False,False,False,False,False,True,False,False,False,False,True,0.429439234959936,0,Medium Risk
44,6274.46,369,733.76,6,5.86,0.1169439282424304,False,False,True,False,True,False,False,False,True,False,False,False,0.5147499187777683,0,Medium Risk
45,45032.27,528,5000.0,12,9.66,0.111031489196525,False,False,False,False,False,False,True,False,True,False,False,False,0.6558621374720509,0,High Risk
43,80134.44,664,5000.0,6,4.78,0.0623951449588965,False,False,False,False,False,False,False,False,False,True,False,False,0.07814424160906439,0,Low Risk
45,5000.0,310,1725.52,9,9.72,0.345104,False,True,False,False,False,False,False,False,False,True,False,False,0.5978884368841588,0,Medium Risk
46,90012.88,760,5000.0,3,6.2,0.0555476060759304,False,False,False,False,False,False,False,True,False,False,False,False,0.07663240883028818,0,Low Risk
22,25131.52,398,5000.0,3,9.45,0.198953346236121,True,False,False,False,True,False,False,True,False,False,False,False,0.5139532250042501,0,Medium Risk
52,15248.25,341,4189.61,12,5.18,0.2747600544324758,False,False,True,True,False,False,False,False,False,False,True,False,0.5137247503664581,0,Medium Risk
26,11712.36,410,2327.21,3,2.12,0.1986969321298184,False,False,True,False,False,False,True,False,True,False,False,False,0.4784930711430263,0,Medium Risk
54,39300.68,482,5000.0,6,8.81,0.1272242617684986,False,False,False,False,True,False,False,False,True,False,False,False,0.5837052951497319,1,Medium Risk
23,5727.65,300,1475.67,6,7.56,0.2576396951629377,False,True,False,False,True,False,False,False,True,False,False,False,0.5860738172588161,1,Medium Risk
33,24980.49,419,1671.6,9,1.71,0.0669162214191955,True,False,False,False,False,True,False,False,False,True,False,False,0.5818088293892419,0,Medium Risk
58,5546.19,300,1932.31,6,1.99,0.3484031380100573,False,True,False,False,False,False,False,False,False,True,False,False,0.6210224180831153,1,High Risk
22,8510.29,300,3278.26,3,9.88,0.3852113147730571,False,True,False,False,True,False,False,False,False,False,False,True,0.5390199131417542,1,Medium Risk
38,17190.68,300,5000.0,3,4.89,0.2908552773944951,False,True,False,False,False,False,True,True,False,False,False,False,0.7375574219122204,1,High Risk
27,31521.79,464,5000.0,9,8.23,0.1586204336746104,False,False,False,False,False,False,False,False,False,False,False,True,0.5723711323602227,0,Medium Risk
54,85909.87,713,5000.0,9,4.72,0.0582005303930735,True,False,False,True,False,False,False,False,False,False,True,False,0.06475185614833816,1,Low Risk
32,5000.0,303,100.0,12,5.2,0.02,False,False,True,False,True,False,False,False,False,False,False,True,0.5283181671075908,1,Medium Risk
57,33057.14,405,5000.0,3,7.92,0.1512532542137644,False,False,False,False,False,False,False,False,False,False,True,False,0.5826226447123768,0,Medium Risk
32,55414.72,513,5000.0,9,9.66,0.0902287334484411,True,False,False,False,False,True,False,False,True,False,False,False,0.4955520830742601,1,Medium Risk
36,63194.18,626,5000.0,9,1.65,0.0791212102127126,True,False,False,False,False,False,True,False,False,False,False,False,0.06860369424610799,0,Low Risk
57,74802.01,623,5000.0,12,9.03,0.0668431236005556,False,False,False,False,False,False,True,False,True,False,False,False,0.06534206920108299,0,Low Risk
41,47812.57,500,5000.0,9,8.05,0.1045750102954097,False,False,False,False,False,False,True,False,True,False,False,False,0.578107741195886,0,Medium Risk
34,10949.43,328,1182.38,3,7.56,0.1079855298403661,False,True,False,False,False,True,False,False,False,False,False,False,0.560078897116009,0,Medium Risk
46,50421.43,513,5000.0,6,4.65,0.0991641847523959,True,False,False,False,False,False,False,False,False,False,False,False,0.5685326616418971,1,Medium Risk
29,5000.0,300,834.46,9,1.91,0.166892,False,False,True,False,False,False,False,False,False,False,False,False,0.6399315514074913,0,High Risk
41,13330.47,369,1030.38,6,1.77,0.0772950991225365,False,False,True,False,False,False,True,False,False,False,False,True,0.509566296396683,0,Medium Risk
32,57101.39,594,5000.0,9,7.08,0.0875635426738298,False,False,False,False,False,True,False,False,True,False,False,False,0.0740233504843669,0,Low Risk
55,17323.66,309,3728.13,12,5.0,0.2152045237553727,False,False,True,True,False,False,False,True,False,False,False,False,0.5881819241584261,0,Medium Risk
25,17617.35,356,5000.0,12,8.33,0.2838111293696271,False,True,False,False,True,False,False,False,False,True,False,False,0.5732834913911373,1,Medium Risk
39,53668.43,548,5000.0,12,5.47,0.093164640739444,False,False,False,False,False,False,True,False,True,False,False,False,0.40565201855124916,0,Medium Risk
23,12681.02,350,2184.26,3,6.11,0.1722463965832401,False,True,False,False,False,True,False,True,False,False,False,False,0.5687065032972954,0,Medium Risk
36,43022.23,445,5000.0,6,9.51,0.1162189872537987,False,False,False,False,False,True,False,False,False,False,False,True,0.6302869805252288,0,High Risk
58,16387.51,422,5000.0,9,7.8,0.3051104164085941,False,False,True,False,False,False,True,False,True,False,False,False,0.5598128590223732,0,Medium Risk
24,8138.23,355,4226.76,9,9.01,0.519370919720873,False,True,False,True,False,False,False,False,True,False,False,False,0.497444890855423,0,Medium Risk
37,10418.1,363,4860.95,3,4.14,0.4665869976291262,False,False,True,False,False,False,False,False,False,True,False,False,0.563258898124517,0,Medium Risk
20,28809.62,359,5000.0,3,9.98,0.1735531395415837,False,False,False,False,False,False,False,False,False,False,False,True,0.4076281715031914,0,Medium Risk
34,48482.39,557,5000.0,12,3.25,0.1031302293471918,True,False,False,False,True,False,False,True,False,False,False,False,0.14953192322140504,0,Low Risk
52,46090.68,532,5000.0,3,6.42,0.108481801526903,False,False,False,False,False,False,True,False,False,False,False,False,0.6200728977427101,0,High Risk
46,29027.91,428,5000.0,6,2.33,0.1722480192339028,False,True,False,False,False,False,True,True,False,False,False,False,0.5879559701748586,0,Medium Risk
27,35618.48,527,5000.0,12,3.58,0.1403765685677771,False,False,False,False,False,False,False,False,False,False,False,False,0.5659349193896965,0,Medium Risk
57,68090.42,629,5000.0,3,5.53,0.0734317691093695,False,False,False,False,False,True,False,False,True,False,False,False,0.10041542829291199,0,Low Risk
34,44931.83,513,5000.0,12,6.32,0.1112796874732233,False,False,False,True,False,False,False,False,True,False,False,False,0.6011754103097441,0,High Risk
54,58494.68,581,5000.0,9,8.06,0.08547785884118,False,False,False,False,True,False,False,False,False,False,False,True,0.14662299660887046,0,Low Risk
43,37206.26,486,5000.0,3,9.3,0.1343859877343221,True,False,False,True,False,False,False,False,False,False,False,False,0.5409340554673944,0,Medium Risk
31,9056.12,300,3281.33,6,7.57,0.3623328754477634,False,False,True,False,False,False,True,False,False,True,False,False,0.6364482394170331,0,High Risk
48,89963.52,726,5000.0,6,6.56,0.0555780832052814,True,False,False,False,False,False,False,False,False,False,True,False,0.10043307357413817,0,Low Risk
24,38988.44,433,5000.0,9,7.75,0.1282431407873718,False,False,False,True,False,False,False,False,False,True,False,False,0.6083384560477966,1,High Risk
49,55771.09,538,5000.0,12,6.89,0.0896521835954793,False,False,False,True,False,False,False,False,False,False,False,True,0.6086282355734877,1,High Risk
18,9072.55,300,4607.53,6,8.59,0.5078539109732104,False,False,False,False,False,False,False,False,True,False,False,False,0.6628827950520835,1,High Risk
41,72167.06,617,5000.0,12,8.7,0.0692836870450313,False,False,False,False,False,False,True,False,False,True,False,False,0.09085271022803092,0,Low Risk
56,91324.83,687,5000.0,12,1.34,0.0547496228572229,True,False,False,False,True,False,False,False,False,False,False,False,0.15618935463970732,1,Low Risk
31,19200.28,398,100.0,12,2.2,0.0052082573795798,False,False,True,False,True,False,False,False,True,False,False,False,0.5186204774990198,1,Medium Risk
57,20322.38,387,5000.0,12,3.37,0.2460341751310624,False,True,False,True,False,False,False,False,False,False,False,True,0.6162688838348174,0,High Risk
56,56991.26,565,5000.0,12,4.43,0.0877327506007061,True,False,False,False,True,False,False,False,False,False,False,False,0.10004539473748704,0,Low Risk
18,5265.13,344,496.22,9,5.91,0.0942464858417551,False,False,True,False,True,False,False,False,False,False,False,True,0.5402430788263566,0,Medium Risk
39,18362.75,336,3811.36,9,2.77,0.207559325264462,False,True,False,False,False,False,False,False,False,False,False,True,0.5184114749922388,0,Medium Risk
33,7308.75,353,2117.12,9,4.21,0.2896692320848298,False,False,True,True,False,False,False,True,False,False,False,False,0.557547637428799,0,Medium Risk
35,42140.68,406,100.0,6,4.77,0.0023730039477293,True,False,False,False,False,True,False,False,False,False,False,False,0.6899902916528086,1,High Risk
52,71681.43,631,5000.0,3,1.43,0.0697530727274832,True,False,False,True,False,False,False,False,True,False,False,False,0.12132881832924607,0,Low Risk
19,8275.76,350,2319.33,12,4.37,0.2802558314885883,False,True,False,False,False,False,True,False,True,False,False,False,0.478225172179761,0,Medium Risk
50,22312.53,411,5000.0,12,4.91,0.2240893345577574,False,False,True,False,False,False,False,False,True,False,False,False,0.5692959680448161,0,Medium Risk
52,9519.59,399,2371.49,9,5.08,0.249116821207636,False,False,True,False,False,True,False,False,False,False,True,False,0.5102393968690114,0,Medium Risk
55,92652.17,747,5000.0,12,8.23,0.0539652767981581,True,False,False,True,False,False,False,True,False,False,False,False,0.109599508984344,0,Low Risk
40,67491.42,652,5000.0,9,1.58,0.0740834909089185,True,False,False,False,False,True,False,False,False,False,False,False,0.07638295557061923,0,Low Risk
32,5000.0,300,202.75,6,1.38,0.04055,False,False,True,False,False,True,False,False,False,False,True,False,0.4357874647297539,1,Medium Risk
36,18133.32,320,5000.0,9,9.32,0.2757354968643359,False,False,False,True,False,False,False,True,False,False,False,False,0.6092889131425756,1,High Risk
48,40826.97,425,5000.0,3,1.72,0.1224680646151306,False,False,False,False,False,False,False,False,False,False,False,True,0.6458121412535373,1,High Risk
22,25255.77,407,2068.93,12,7.31,0.0819191020507393,True,False,False,False,True,False,False,False,False,False,True,False,0.6347626237687685,1,High Risk
44,52792.24,482,5000.0,9,2.0,0.0947108893276739,False,False,False,True,False,False,False,False,True,False,False,False,0.6886007405751786,1,High Risk
45,15149.36,393,2328.46,3,5.1,0.1537002223196227,False,False,True,False,True,False,False,False,False,True,False,False,0.5535062899355075,0,Medium Risk
51,25429.2,432,5000.0,12,3.44,0.1966243531058782,False,True,False,True,False,False,False,False,False,False,False,True,0.5907218127849968,1,Medium Risk
22,13802.3,395,5000.0,9,9.64,0.3622584641690153,False,True,False,False,False,True,False,False,True,False,False,False,0.5404930968896092,1,Medium Risk
19,19640.5,370,5000.0,6,9.44,0.2545760036658944,True,False,False,False,True,False,False,True,False,False,False,False,0.5268355094449757,0,Medium Risk
44,107830.86,789,5000.0,12,3.28,0.0463689151695535,True,False,False,False,True,False,False,False,False,False,False,False,0.18653915038219193,0,Low Risk
49,23084.49,330,5000.0,6,3.16,0.216595644954686,False,True,False,True,False,False,False,False,False,True,False,False,0.5997696792909138,0,Medium Risk
58,20154.53,300,4556.31,3,9.49,0.2260687795746167,False,True,False,False,False,False,True,False,False,False,True,False,0.674567640496929,1,High Risk
40,49294.57,545,5000.0,6,8.67,0.1014310501136332,False,False,False,False,False,False,False,False,False,False,False,True,0.5334803686960456,1,Medium Risk
